Length,Height,Weight,Age
0.53,0.135,0.677,Adult
0.53,0.15,0.7775,Adult
0.545,0.125,0.768,Adult
0.55,0.15,0.8945,Adult
0.525,0.14,0.6065,Adult
0.535,0.145,0.6845,Adult
0.47,0.1,0.4755,Adult
0.44,0.1,0.451,Adult
0.565,0.155,0.9395,Adult
0.55,0.135,0.7635,Adult
0.615,0.165,1.1615,Adult
0.56,0.14,0.9285,Adult
0.58,0.185,0.9955,Adult
0.68,0.165,1.639,Adult
0.68,0.175,1.798,Adult
0.705,0.2,1.7095,Adult
0.54,0.155,1.217,Adult
0.45,0.105,0.5225,Adult
0.575,0.135,0.883,Adult
0.45,0.105,0.425,Adult
0.55,0.135,0.8515,Adult
0.46,0.12,0.4605,Adult
0.525,0.16,0.8355,Adult
0.47,0.12,0.4775,Adult
0.5,0.14,0.6615,Adult
0.505,0.125,0.583,Adult
0.53,0.13,0.6965,Adult
0.565,0.16,0.915,Adult
0.595,0.185,1.285,Adult
0.475,0.12,0.5305,Adult
0.4,0.11,0.353,Adult
0.595,0.17,1.247,Adult
0.605,0.195,1.098,Adult
0.6,0.15,1.0075,Adult
0.6,0.15,0.922,Adult
0.555,0.14,0.788,Adult
0.615,0.17,1.1025,Adult
0.575,0.14,0.941,Adult
0.52,0.165,0.9885,Adult
0.57,0.18,1.295,Adult
0.46,0.13,0.517,Adult
0.575,0.16,0.9775,Adult
0.625,0.165,1.262,Adult
0.475,0.125,0.5785,Adult
0.52,0.155,0.727,Adult
0.545,0.165,0.802,Adult
0.5,0.125,0.6675,Adult
0.51,0.135,0.6335,Adult
0.435,0.105,0.3635,Adult
0.545,0.125,0.6935,Adult
0.53,0.115,0.5915,Adult
0.49,0.135,0.6125,Adult
0.56,0.15,0.8825,Adult
0.47,0.105,0.4205,Adult
0.515,0.14,0.766,Adult
0.44,0.125,0.4035,Adult
0.325,0.09,0.1915,Adult
0.425,0.115,0.406,Adult
0.305,0.08,0.156,Adult
0.405,0.11,0.3555,Adult
0.565,0.155,0.826,Adult
0.55,0.145,0.741,Adult
0.49,0.125,0.549,Adult
0.605,0.185,1.1185,Adult
0.635,0.19,1.3715,Adult
0.605,0.16,1.0565,Adult
0.565,0.135,0.9885,Adult
0.575,0.19,0.994,Adult
0.58,0.17,0.9075,Adult
0.575,0.165,1.124,Adult
0.605,0.16,1.222,Adult
0.725,0.21,2.141,Adult
0.65,0.23,1.752,Adult
0.725,0.175,2.124,Adult
0.68,0.205,1.842,Adult
0.68,0.175,1.6185,Adult
0.53,0.145,0.775,Adult
0.52,0.115,0.776,Adult
0.56,0.16,1.0235,Adult
0.62,0.175,1.0165,Adult
0.645,0.2,1.5675,Adult
0.63,0.15,1.0525,Adult
0.63,0.185,1.383,Adult
0.63,0.16,1.199,Adult
0.585,0.17,0.9325,Adult
0.51,0.14,0.8145,Adult
0.505,0.15,0.644,Adult
0.45,0.12,0.4165,Adult
0.5,0.145,0.63,Adult
0.53,0.17,0.8155,Adult
0.44,0.14,0.482,Adult
0.525,0.17,0.8325,Adult
0.49,0.145,0.6345,Adult
0.415,0.105,0.38,Adult
0.485,0.16,0.66,Adult
0.415,0.13,0.32,Adult
0.445,0.125,0.455,Adult
0.47,0.145,0.5175,Adult
0.49,0.15,0.5755,Adult
0.445,0.15,0.485,Adult
0.5,0.135,0.45,Adult
0.39,0.125,0.3055,Adult
0.58,0.165,1.1015,Adult
0.53,0.16,0.783,Adult
0.595,0.155,1.0605,Adult
0.575,0.185,1.094,Adult
0.635,0.17,1.415,Adult
0.59,0.16,1.1015,Adult
0.54,0.155,0.928,Adult
0.57,0.125,0.865,Adult
0.46,0.13,0.639,Adult
0.45,0.125,0.4995,Adult
0.64,0.215,1.779,Adult
0.66,0.185,1.3485,Adult
0.515,0.135,0.712,Adult
0.535,0.185,0.8415,Adult
0.455,0.12,0.4495,Adult
0.535,0.17,0.879,Adult
0.495,0.155,0.6445,Adult
0.535,0.16,0.8105,Adult
0.565,0.21,1.2765,Adult
0.565,0.175,1.013,Adult
0.405,0.095,0.3485,Adult
0.54,0.175,0.892,Adult
0.47,0.13,0.472,Adult
0.63,0.19,1.2435,Adult
0.62,0.2,1.2255,Adult
0.635,0.19,1.242,Adult
0.58,0.155,0.8365,Adult
0.4,0.12,0.3185,Adult
0.74,0.195,1.974,Adult
0.565,0.195,1.0035,Adult
0.62,0.205,1.3475,Adult
0.505,0.18,0.568,Adult
0.46,0.155,0.746,Adult
0.525,0.16,0.756,Adult
0.61,0.185,1.153,Adult
0.585,0.17,0.8685,Adult
0.645,0.19,1.8085,Adult
0.685,0.18,1.768,Adult
0.59,0.15,0.997,Adult
0.65,0.175,1.4225,Adult
0.6,0.15,1.029,Adult
0.62,0.175,1.186,Adult
0.58,0.12,1.0735,Adult
0.69,0.215,1.719,Adult
0.65,0.165,1.566,Adult
0.66,0.195,1.7605,Adult
0.68,0.2,1.787,Adult
0.7,0.17,1.31,Adult
0.675,0.195,1.7345,Adult
0.585,0.16,1.077,Adult
0.61,0.185,1.1085,Adult
0.455,0.105,0.4925,Adult
0.47,0.125,0.5615,Adult
0.5,0.14,0.7155,Adult
0.485,0.12,0.5885,Adult
0.435,0.11,0.4335,Adult
0.515,0.14,0.6935,Adult
0.525,0.15,0.8425,Adult
0.58,0.12,0.9935,Adult
0.605,0.17,1.2385,Adult
0.62,0.14,1.0325,Adult
0.63,0.17,1.3135,Adult
0.63,0.155,1.005,Adult
0.67,0.165,1.5015,Adult
0.49,0.135,0.5785,Adult
0.61,0.165,1.0915,Adult
0.56,0.125,0.943,Adult
0.575,0.17,1.0475,Adult
0.57,0.175,0.9555,Adult
0.505,0.14,0.85,Adult
0.41,0.105,0.3635,Adult
0.56,0.19,0.714,Adult
0.565,0.15,0.8205,Adult
0.675,0.16,1.41,Adult
0.665,0.195,1.4385,Adult
0.565,0.155,0.9245,Adult
0.645,0.175,1.2915,Adult
0.64,0.175,1.221,Adult
0.525,0.135,0.7085,Adult
0.585,0.17,0.9915,Adult
0.67,0.19,1.3905,Adult
0.68,0.21,1.7445,Adult
0.53,0.135,0.7835,Adult
0.515,0.12,0.646,Adult
0.52,0.12,0.627,Adult
0.545,0.16,0.7715,Adult
0.465,0.115,0.421,Adult
0.7,0.185,1.8075,Adult
0.58,0.15,0.9955,Adult
0.585,0.14,0.908,Adult
0.625,0.15,1.2415,Adult
0.57,0.165,1.0595,Adult
0.655,0.155,1.2895,Adult
0.625,0.15,0.953,Adult
0.64,0.175,1.248,Adult
0.605,0.165,1.0105,Adult
0.615,0.155,1.0385,Adult
0.58,0.18,0.854,Adult
0.62,0.225,1.1835,Adult
0.62,0.225,1.115,Adult
0.6,0.19,1.129,Adult
0.625,0.19,1.1745,Adult
0.455,0.14,0.5185,Adult
0.49,0.145,0.6725,Adult
0.275,0.07,0.08,Adult
0.345,0.09,0.203,Adult
0.36,0.09,0.1885,Adult
0.57,0.155,0.733,Adult
0.57,0.16,0.9715,Adult
0.46,0.13,0.458,Adult
0.435,0.11,0.38,Adult
0.375,0.115,0.2705,Adult
0.5,0.14,0.604,Adult
0.44,0.115,0.415,Adult
0.38,0.105,0.257,Adult
0.565,0.16,0.795,Adult
0.66,0.165,1.1905,Adult
0.66,0.17,1.326,Adult
0.44,0.105,0.364,Adult
0.475,0.115,0.452,Adult
0.545,0.15,0.7335,Adult
0.47,0.13,0.5465,Adult
0.41,0.115,0.387,Adult
0.59,0.155,1.066,Adult
0.57,0.14,0.9535,Adult
0.61,0.14,1.133,Adult
0.585,0.175,0.982,Adult
0.63,0.175,1.3675,Adult
0.625,0.175,1.233,Adult
0.645,0.19,1.4635,Adult
0.41,0.1,0.363,Adult
0.55,0.145,0.8285,Adult
0.405,0.12,0.3095,Adult
0.37,0.115,0.25,Adult
0.66,0.18,1.514,Adult
0.55,0.14,0.7135,Adult
0.56,0.195,0.981,Adult
0.385,0.11,0.286,Adult
0.39,0.1,0.265,Adult
0.44,0.17,0.4085,Adult
0.47,0.14,0.433,Adult
0.5,0.115,0.6785,Adult
0.5,0.105,0.498,Adult
0.525,0.16,0.658,Adult
0.425,0.095,0.322,Adult
0.38,0.095,0.2815,Adult
0.43,0.12,0.391,Adult
0.51,0.13,0.5735,Adult
0.59,0.16,0.9,Adult
0.475,0.125,0.447,Adult
0.37,0.11,0.2305,Adult
0.555,0.165,0.97,Adult
0.615,0.17,1.14,Adult
0.585,0.185,0.9585,Adult
0.415,0.13,0.3675,Adult
0.38,0.105,0.281,Adult
0.395,0.095,0.2245,Adult
0.485,0.15,0.605,Adult
0.45,0.145,0.5425,Adult
0.5,0.155,0.655,Adult
0.53,0.165,0.8115,Adult
0.49,0.15,0.7865,Adult
0.52,0.18,0.64,Adult
0.5,0.115,0.5945,Adult
0.45,0.165,0.8165,Adult
0.37,0.1,0.2225,Adult
0.435,0.115,0.3915,Adult
0.535,0.15,0.8045,Adult
0.535,0.125,0.927,Adult
0.43,0.115,0.3865,Adult
0.43,0.12,0.444,Adult
0.395,0.105,0.3515,Adult
0.48,0.135,0.536,Adult
0.445,0.105,0.4525,Adult
0.345,0.09,0.207,Adult
0.49,0.11,0.5005,Adult
0.48,0.105,0.525,Adult
0.52,0.12,0.6515,Adult
0.52,0.125,0.6435,Adult
0.36,0.09,0.2065,Adult
0.535,0.15,0.7365,Adult
0.52,0.14,0.8175,Adult
0.53,0.13,1.001,Adult
0.66,0.2,1.676,Adult
0.51,0.105,0.612,Adult
0.605,0.17,1.122,Adult
0.58,0.165,1.1365,Adult
0.605,0.19,1.437,Adult
0.55,0.155,0.946,Adult
0.54,0.135,0.959,Adult
0.61,0.145,1.153,Adult
0.59,0.13,1.1325,Adult
0.55,0.155,0.785,Adult
0.53,0.17,0.949,Adult
0.53,0.165,0.9805,Adult
0.47,0.145,0.537,Adult
0.515,0.13,0.5755,Adult
0.505,0.16,0.644,Adult
0.6,0.165,0.8875,Adult
0.57,0.16,0.8935,Adult
0.485,0.135,0.556,Adult
0.425,0.11,0.3665,Adult
0.48,0.125,0.759,Adult
0.44,0.13,0.4195,Adult
0.52,0.115,0.807,Adult
0.49,0.13,0.6835,Adult
0.48,0.135,0.6395,Adult
0.495,0.125,0.7555,Adult
0.54,0.14,0.805,Adult
0.545,0.135,0.9185,Adult
0.55,0.125,0.923,Adult
0.55,0.15,0.875,Adult
0.575,0.14,0.958,Adult
0.595,0.15,1.11,Adult
0.595,0.16,1.2095,Adult
0.595,0.16,1.1405,Adult
0.595,0.14,1.113,Adult
0.6,0.155,1.21,Adult
0.605,0.175,1.382,Adult
0.615,0.175,1.377,Adult
0.615,0.15,1.3435,Adult
0.62,0.16,1.3725,Adult
0.625,0.155,1.2085,Adult
0.625,0.2,1.3825,Adult
0.635,0.15,1.376,Adult
0.635,0.165,1.2945,Adult
0.64,0.165,1.486,Adult
0.67,0.16,1.309,Adult
0.675,0.17,1.8095,Adult
0.675,0.155,1.4785,Adult
0.68,0.195,1.7775,Adult
0.685,0.16,1.6675,Adult
0.695,0.22,1.834,Adult
0.445,0.11,0.4355,Adult
0.465,0.125,0.482,Adult
0.47,0.12,0.582,Adult
0.475,0.12,0.5915,Adult
0.485,0.115,0.4785,Adult
0.505,0.13,0.674,Adult
0.515,0.14,0.834,Adult
0.525,0.14,0.724,Adult
0.53,0.13,0.7585,Adult
0.53,0.15,0.8495,Adult
0.535,0.135,0.8215,Adult
0.55,0.155,0.9905,Adult
0.55,0.14,0.8105,Adult
0.56,0.16,0.967,Adult
0.565,0.13,0.6975,Adult
0.57,0.15,1.107,Adult
0.575,0.16,1.103,Adult
0.58,0.15,1.1155,Adult
0.58,0.18,1.0515,Adult
0.58,0.145,1.137,Adult
0.59,0.145,1.063,Adult
0.595,0.155,1.121,Adult
0.595,0.15,1.114,Adult
0.595,0.14,1.0045,Adult
0.605,0.15,1.1345,Adult
0.615,0.16,1.2525,Adult
0.62,0.18,1.3315,Adult
0.625,0.17,1.3525,Adult
0.625,0.175,1.1435,Adult
0.625,0.165,1.288,Adult
0.625,0.2,1.38,Adult
0.63,0.165,1.3075,Adult
0.64,0.17,1.5175,Adult
0.64,0.175,1.394,Adult
0.645,0.155,1.2205,Adult
0.645,0.165,1.4325,Adult
0.645,0.16,1.2465,Adult
0.645,0.15,1.212,Adult
0.655,0.16,1.494,Adult
0.655,0.175,1.6525,Adult
0.66,0.185,1.528,Adult
0.66,0.18,1.3695,Adult
0.675,0.225,1.587,Adult
0.675,0.195,1.8375,Adult
0.695,0.175,1.8385,Adult
0.705,0.18,1.685,Adult
0.715,0.185,1.56,Adult
0.735,0.22,2.555,Adult
0.505,0.125,0.5445,Adult
0.51,0.125,0.545,Adult
0.52,0.15,1.019,Adult
0.55,0.135,0.8145,Adult
0.55,0.15,0.84,Adult
0.56,0.155,0.6405,Adult
0.565,0.175,1.0095,Adult
0.57,0.145,0.8775,Adult
0.575,0.145,0.9945,Adult
0.575,0.16,1.068,Adult
0.575,0.165,0.869,Adult
0.58,0.155,0.93,Adult
0.6,0.16,1.0265,Adult
0.6,0.15,1.1025,Adult
0.605,0.165,1.1775,Adult
0.605,0.165,1.056,Adult
0.615,0.15,0.923,Adult
0.615,0.155,1.027,Adult
0.62,0.16,1.1125,Adult
0.625,0.175,1.3745,Adult
0.635,0.015,1.1565,Adult
0.645,0.17,1.1345,Adult
0.65,0.19,1.464,Adult
0.655,0.175,1.415,Adult
0.66,0.185,1.346,Adult
0.67,0.205,1.3645,Adult
0.685,0.215,1.7025,Adult
0.69,0.155,1.454,Adult
0.69,0.17,1.5535,Adult
0.7,0.19,1.6465,Adult
0.705,0.17,1.219,Adult
0.71,0.18,1.652,Adult
0.72,0.195,2.103,Adult
0.72,0.2,1.9965,Adult
0.73,0.185,1.8795,Adult
0.75,0.21,2.236,Adult
0.755,0.21,2.505,Adult
0.78,0.215,2.657,Adult
0.455,0.115,0.4305,Adult
0.46,0.125,0.4785,Adult
0.535,0.13,0.7145,Adult
0.54,0.145,0.8655,Adult
0.545,0.15,0.8,Adult
0.55,0.125,0.651,Adult
0.56,0.155,1.224,Adult
0.565,0.145,0.8495,Adult
0.57,0.135,0.9795,Adult
0.575,0.135,0.857,Adult
0.575,0.165,1.078,Adult
0.58,0.15,0.858,Adult
0.595,0.15,0.98,Adult
0.595,0.155,1.026,Adult
0.6,0.155,1.04,Adult
0.6,0.145,0.8895,Adult
0.605,0.175,1.076,Adult
0.605,0.16,1.0835,Adult
0.615,0.155,1.004,Adult
0.615,0.165,1.023,Adult
0.615,0.155,1.115,Adult
0.62,0.15,1.293,Adult
0.62,0.16,1.1295,Adult
0.625,0.175,1.15,Adult
0.625,0.16,1.264,Adult
0.625,0.155,1.2035,Adult
0.63,0.17,1.3205,Adult
0.635,0.165,1.4595,Adult
0.635,0.175,1.211,Adult
0.65,0.165,1.16,Adult
0.65,0.22,1.662,Adult
0.65,0.17,1.567,Adult
0.655,0.19,1.3595,Adult
0.655,0.19,1.4545,Adult
0.66,0.21,1.548,Adult
0.66,0.17,1.337,Adult
0.665,0.18,1.491,Adult
0.67,0.225,1.5615,Adult
0.67,0.175,1.0145,Adult
0.695,0.19,1.7635,Adult
0.7,0.13,1.556,Adult
0.705,0.18,1.5345,Adult
0.71,0.17,1.614,Adult
0.72,0.17,1.9335,Adult
0.725,0.2,1.737,Adult
0.73,0.19,1.7375,Adult
0.735,0.205,2.1275,Adult
0.745,0.215,2.25,Adult
0.75,0.235,2.5085,Adult
0.815,0.25,2.255,Adult
0.475,0.115,0.566,Adult
0.495,0.12,0.573,Adult
0.505,0.135,0.6855,Adult
0.545,0.14,0.7405,Adult
0.55,0.14,0.84,Adult
0.56,0.15,0.8745,Adult
0.56,0.15,0.8715,Adult
0.58,0.175,1.165,Adult
0.58,0.14,0.953,Adult
0.59,0.15,1.151,Adult
0.59,0.145,0.9905,Adult
0.595,0.16,1.04,Adult
0.605,0.165,0.9515,Adult
0.605,0.16,1.201,Adult
0.605,0.17,1.289,Adult
0.61,0.17,1.1005,Adult
0.62,0.155,1.012,Adult
0.63,0.175,1.1105,Adult
0.63,0.225,1.336,Adult
0.635,0.145,1.1345,Adult
0.64,0.205,1.5335,Adult
0.645,0.175,1.546,Adult
0.645,0.165,1.318,Adult
0.65,0.175,1.5245,Adult
0.65,0.16,1.3825,Adult
0.655,0.215,1.5555,Adult
0.665,0.18,1.389,Adult
0.68,0.185,1.741,Adult
0.7,0.17,1.684,Adult
0.515,0.11,0.6065,Adult
0.565,0.15,0.863,Adult
0.57,0.135,0.7805,Adult
0.575,0.155,1.116,Adult
0.575,0.195,0.9965,Adult
0.575,0.15,1.0305,Adult
0.58,0.15,0.834,Adult
0.585,0.14,0.913,Adult
0.595,0.15,0.9,Adult
0.6,0.155,0.9735,Adult
0.6,0.15,1.13,Adult
0.6,0.18,1.0645,Adult
0.605,0.145,0.9775,Adult
0.605,0.14,0.991,Adult
0.605,0.155,0.974,Adult
0.605,0.18,1.434,Adult
0.61,0.16,1.0725,Adult
0.61,0.15,1.2405,Adult
0.61,0.16,1.1155,Adult
0.61,0.18,1.2795,Adult
0.62,0.155,1.3255,Adult
0.62,0.165,1.139,Adult
0.62,0.18,1.2215,Adult
0.62,0.175,1.0405,Adult
0.625,0.175,1.362,Adult
0.63,0.18,1.1965,Adult
0.635,0.175,1.2435,Adult
0.635,0.17,1.2615,Adult
0.64,0.165,1.2235,Adult
0.645,0.16,1.2415,Adult
0.645,0.19,1.363,Adult
0.645,0.19,1.371,Adult
0.65,0.155,1.337,Adult
0.655,0.15,1.043,Adult
0.655,0.19,1.3485,Adult
0.655,0.195,1.4405,Adult
0.66,0.175,1.5175,Adult
0.665,0.16,1.2915,Adult
0.67,0.19,1.32,Adult
0.67,0.155,1.566,Adult
0.67,0.195,1.619,Adult
0.675,0.195,1.382,Adult
0.68,0.2,1.6075,Adult
0.685,0.175,1.638,Adult
0.69,0.2,1.569,Adult
0.7,0.175,1.773,Adult
0.705,0.17,1.58,Adult
0.71,0.195,1.9805,Adult
0.71,0.205,1.5805,Adult
0.72,0.18,1.445,Adult
0.725,0.21,2.1425,Adult
0.73,0.19,1.9425,Adult
0.74,0.205,2.119,Adult
0.75,0.215,1.938,Adult
0.375,0.135,0.597,Adult
0.49,0.16,0.8795,Adult
0.535,0.135,0.771,Adult
0.545,0.2,1.358,Adult
0.545,0.15,1.1185,Adult
0.55,0.165,1.205,Adult
0.58,0.17,1.48,Adult
0.61,0.15,1.1135,Adult
0.615,0.145,1.1155,Adult
0.635,0.15,1.1845,Adult
0.64,0.14,1.0725,Adult
0.655,0.2,1.5475,Adult
0.665,0.185,1.3405,Adult
0.675,0.175,1.4465,Adult
0.685,0.175,1.5845,Adult
0.695,0.185,1.679,Adult
0.705,0.18,1.5395,Adult
0.72,0.195,2.073,Adult
0.51,0.12,0.7005,Adult
0.54,0.16,0.9455,Adult
0.565,0.125,0.8305,Adult
0.57,0.12,0.803,Adult
0.575,0.175,1.099,Adult
0.575,0.155,0.7955,Adult
0.58,0.195,0.8265,Adult
0.58,0.165,0.925,Adult
0.6,0.135,0.97,Adult
0.6,0.16,1.133,Adult
0.605,0.145,0.862,Adult
0.61,0.145,1.1185,Adult
0.61,0.155,0.957,Adult
0.61,0.165,1.1785,Adult
0.615,0.16,1.255,Adult
0.62,0.17,1.062,Adult
0.625,0.16,1.09,Adult
0.625,0.18,1.354,Adult
0.625,0.145,0.984,Adult
0.635,0.165,1.2695,Adult
0.635,0.165,1.3405,Adult
0.635,0.155,1.2895,Adult
0.64,0.145,1.1145,Adult
0.64,0.165,1.3115,Adult
0.64,0.185,1.4195,Adult
0.645,0.18,1.6195,Adult
0.645,0.21,1.5535,Adult
0.65,0.155,1.189,Adult
0.65,0.185,1.375,Adult
0.655,0.18,1.412,Adult
0.655,0.175,1.348,Adult
0.66,0.205,1.4415,Adult
0.665,0.15,1.2475,Adult
0.67,0.205,1.4015,Adult
0.675,0.185,1.473,Adult
0.7,0.205,1.773,Adult
0.705,0.22,1.866,Adult
0.72,0.18,1.6705,Adult
0.725,0.205,1.6195,Adult
0.75,0.195,1.8325,Adult
0.53,0.15,0.741,Adult
0.53,0.13,0.6355,Adult
0.55,0.15,0.9205,Adult
0.56,0.16,0.8215,Adult
0.57,0.15,0.8295,Adult
0.6,0.14,0.837,Adult
0.625,0.18,1.3485,Adult
0.4,0.16,0.368,Adult
0.455,1.13,0.594,Adult
0.475,0.14,0.689,Adult
0.5,0.14,0.6355,Adult
0.535,0.13,0.699,Adult
0.54,0.14,0.7655,Adult
0.54,0.13,0.7505,Adult
0.545,0.16,0.844,Adult
0.565,0.135,0.83,Adult
0.58,0.15,0.839,Adult
0.585,0.15,1.079,Adult
0.6,0.19,1.1345,Adult
0.61,0.14,0.909,Adult
0.62,0.16,1.056,Adult
0.665,0.21,1.644,Adult
0.69,0.195,1.2525,Adult
0.705,0.185,1.761,Adult
0.71,0.15,1.3165,Adult
0.72,0.215,2.1,Adult
0.73,0.18,1.6895,Adult
0.505,0.115,0.66,Adult
0.505,0.115,0.616,Adult
0.4,0.115,0.3465,Adult
0.49,0.125,0.5395,Adult
0.675,0.18,1.6885,Adult
0.375,0.08,0.282,Adult
0.48,0.12,0.608,Adult
0.435,0.12,0.4585,Adult
0.29,0.075,0.275,Adult
0.5,0.125,0.5765,Adult
0.52,0.125,0.6985,Adult
0.44,0.115,0.4005,Adult
0.56,0.125,0.932,Adult
0.59,0.175,0.966,Adult
0.57,0.18,0.9995,Adult
0.45,0.125,0.5065,Adult
0.415,0.115,0.3455,Adult
0.745,0.19,1.966,Adult
0.4,0.115,0.3025,Adult
0.64,0.2,1.3905,Adult
0.715,0.24,2.1995,Adult
0.71,0.195,1.817,Adult
0.55,0.15,0.897,Adult
0.61,0.16,1.136,Adult
0.37,0.085,0.2405,Adult
0.645,0.17,1.1845,Adult
0.57,0.17,1.098,Adult
0.58,0.235,1.071,Adult
0.595,0.2,0.975,Adult
0.595,0.25,1.283,Adult
0.625,0.165,1.0595,Adult
0.52,0.125,0.6865,Adult
0.49,0.14,0.585,Adult
0.575,0.165,1.0405,Adult
0.68,0.2,1.596,Adult
0.65,0.195,1.4005,Adult
0.645,0.215,1.406,Adult
0.29,0.075,0.14,Adult
0.625,0.215,1.5765,Adult
0.55,0.18,1.2125,Adult
0.595,0.235,1.366,Adult
0.43,0.12,0.445,Adult
0.455,0.14,0.5725,Adult
0.515,0.13,0.764,Adult
0.485,0.145,0.5885,Adult
0.535,0.145,0.7875,Adult
0.625,0.195,1.352,Adult
0.555,0.18,0.958,Adult
0.55,0.145,0.797,Adult
0.505,0.175,0.692,Adult
0.505,0.165,0.729,Adult
0.56,0.18,0.903,Adult
0.57,0.165,0.903,Adult
0.56,0.185,1.106,Adult
0.46,0.115,0.4755,Adult
0.435,0.12,0.3785,Adult
0.475,0.135,0.486,Adult
0.38,0.11,0.3105,Adult
0.47,0.12,0.543,Adult
0.585,0.165,0.998,Adult
0.57,0.17,1.1,Adult
0.645,0.2,1.4285,Adult
0.59,0.16,1.1005,Adult
0.58,0.16,0.9215,Adult
0.62,0.15,1.456,Adult
0.72,0.215,2.226,Adult
0.635,0.175,1.2125,Adult
0.61,0.175,1.0675,Adult
0.545,0.175,0.8525,Adult
0.6,0.18,1.162,Adult
0.52,0.17,0.8705,Adult
0.67,0.15,1.406,Adult
0.62,0.23,1.0935,Adult
0.6,0.18,1.1805,Adult
0.495,0.13,0.6905,Adult
0.5,0.15,0.7145,Adult
0.385,0.105,0.3315,Adult
0.58,0.155,0.974,Adult
0.38,0.09,0.3215,Adult
0.52,0.145,0.8045,Adult
0.535,0.135,0.8075,Adult
0.48,0.13,0.6375,Adult
0.52,0.15,0.813,Adult
0.58,0.12,0.94,Adult
0.55,0.135,0.775,Adult
0.65,0.165,1.1445,Adult
0.465,0.135,0.6,Adult
0.435,0.11,0.384,Adult
0.58,0.135,0.925,Adult
0.505,0.135,0.6185,Adult
0.505,0.145,0.6515,Adult
0.665,0.19,1.496,Adult
0.415,0.105,0.3605,Adult
0.525,0.145,0.7995,Adult
0.515,0.135,0.6295,Adult
0.8,0.195,2.526,Adult
0.565,0.175,0.957,Adult
0.59,0.17,0.9,Adult
0.71,0.195,1.7265,Adult
0.56,0.125,0.8025,Adult
0.45,0.105,0.4715,Adult
0.515,0.17,0.631,Adult
0.72,0.175,1.7265,Adult
0.61,0.21,1.3445,Adult
0.645,0.2,1.449,Adult
0.545,0.175,0.7745,Adult
0.66,0.205,1.3665,Adult
0.6,0.2,1.031,Adult
0.63,0.165,1.065,Adult
0.72,0.225,1.969,Adult
0.405,0.11,0.3575,Adult
0.5,0.15,0.5965,Adult
0.43,0.11,0.382,Adult
0.36,0.09,0.2165,Adult
0.525,0.135,0.6005,Adult
0.44,0.105,0.4285,Adult
0.45,0.115,0.496,Adult
0.485,0.14,0.6195,Adult
0.455,0.125,0.4485,Adult
0.53,0.17,0.775,Adult
0.585,0.155,0.6985,Adult
0.58,0.185,1.017,Adult
0.64,0.15,1.0705,Adult
0.505,0.115,0.5895,Adult
0.505,0.145,0.651,Adult
0.465,0.13,0.494,Adult
0.465,0.12,0.4765,Adult
0.475,0.13,0.4805,Adult
0.41,0.11,0.321,Adult
0.53,0.125,0.6695,Adult
0.635,0.18,1.312,Adult
0.61,0.165,1.087,Adult
0.66,0.18,1.523,Adult
0.465,0.135,0.579,Adult
0.515,0.17,0.796,Adult
0.345,0.1,0.197,Adult
0.445,0.14,0.4565,Adult
0.55,0.17,0.884,Adult
0.35,0.09,0.1855,Adult
0.37,0.105,0.27,Adult
0.42,0.125,0.463,Adult
0.585,0.17,1.099,Adult
0.5,0.13,0.768,Adult
0.52,0.14,0.6915,Adult
0.37,0.08,0.227,Adult
0.615,0.175,1.2985,Adult
0.59,0.165,1.161,Adult
0.47,0.18,0.441,Adult
0.5,0.155,0.742,Adult
0.52,0.145,0.7,Adult
0.54,0.175,0.8975,Adult
0.49,0.145,0.6635,Adult
0.63,0.185,1.235,Adult
0.515,0.165,0.7565,Adult
0.475,0.145,0.57,Adult
0.52,0.13,0.6245,Adult
0.48,0.125,0.6905,Adult
0.33,0.08,0.2,Adult
0.465,0.135,0.6265,Adult
0.47,0.12,0.6015,Adult
0.565,0.15,0.983,Adult
0.6,0.135,1.4405,Adult
0.6,0.155,1.332,Adult
0.6,0.165,1.1405,Adult
0.625,0.155,1.33,Adult
0.64,0.18,1.4995,Adult
0.655,0.165,1.6225,Adult
0.675,0.205,1.925,Adult
0.675,0.175,1.689,Adult
0.69,0.18,1.659,Adult
0.695,0.2,2.0475,Adult
0.7,0.19,1.6015,Adult
0.73,0.165,2.0165,Adult
0.455,0.12,0.4555,Adult
0.46,0.115,0.46,Adult
0.53,0.17,0.828,Adult
0.53,0.15,0.889,Adult
0.55,0.125,0.964,Adult
0.555,0.14,0.963,Adult
0.57,0.15,0.995,Adult
0.57,0.14,0.8585,Adult
0.58,0.145,0.888,Adult
0.585,0.16,0.9045,Adult
0.595,0.155,1.1775,Adult
0.595,0.15,1.0765,Adult
0.595,0.15,1.0255,Adult
0.6,0.145,0.9325,Adult
0.6,0.15,1.235,Adult
0.615,0.16,1.1575,Adult
0.615,0.165,1.327,Adult
0.62,0.175,1.2705,Adult
0.62,0.175,1.2155,Adult
0.62,0.16,1.3245,Adult
0.625,0.165,1.127,Adult
0.625,0.175,1.1075,Adult
0.63,0.2,1.4255,Adult
0.63,0.145,1.147,Adult
0.635,0.18,1.596,Adult
0.635,0.195,1.297,Adult
0.65,0.185,1.4415,Adult
0.69,0.205,1.933,Adult
0.695,0.155,1.8495,Adult
0.7,0.205,1.7975,Adult
0.705,0.205,2.381,Adult
0.545,0.14,0.832,Adult
0.545,0.14,0.778,Adult
0.55,0.135,0.8435,Adult
0.57,0.18,0.908,Adult
0.57,0.16,0.811,Adult
0.575,0.15,0.897,Adult
0.585,0.15,0.938,Adult
0.585,0.14,0.6955,Adult
0.59,0.16,1.0115,Adult
0.595,0.15,1.1005,Adult
0.605,0.15,1.079,Adult
0.615,0.17,1.055,Adult
0.615,0.155,1.084,Adult
0.625,0.155,1.115,Adult
0.645,0.18,1.285,Adult
0.65,0.175,1.2895,Adult
0.65,0.155,1.122,Adult
0.665,0.165,1.349,Adult
0.675,0.19,1.551,Adult
0.725,0.19,1.7315,Adult
0.74,0.22,2.012,Adult
0.515,0.135,0.516,Adult
0.525,0.15,0.7055,Adult
0.545,0.15,0.9475,Adult
0.555,0.175,1.1465,Adult
0.57,0.155,1.017,Adult
0.575,0.155,0.8975,Adult
0.58,0.145,0.9865,Adult
0.58,0.15,0.844,Adult
0.585,0.13,0.8755,Adult
0.61,0.13,0.8725,Adult
0.615,0.15,1.0265,Adult
0.62,0.14,1.1605,Adult
0.62,0.165,1.0125,Adult
0.63,0.155,1.0005,Adult
0.64,0.17,1.2265,Adult
0.66,0.19,1.4045,Adult
0.66,0.2,1.463,Adult
0.675,0.17,1.711,Adult
0.705,0.205,1.757,Adult
0.525,0.135,0.8435,Adult
0.54,0.14,0.8035,Adult
0.54,0.15,0.8115,Adult
0.57,0.13,0.782,Adult
0.58,0.135,0.95,Adult
0.59,0.15,0.976,Adult
0.62,0.17,1.1045,Adult
0.625,0.16,1.254,Adult
0.635,0.185,1.286,Adult
0.645,0.16,1.1665,Adult
0.645,0.16,1.144,Adult
0.65,0.19,1.385,Adult
0.655,0.155,1.309,Adult
0.655,0.17,1.527,Adult
0.72,0.18,1.719,Adult
0.72,0.18,1.52,Adult
0.72,0.17,1.613,Adult
0.465,0.11,0.4085,Adult
0.535,0.125,0.8725,Adult
0.55,0.14,0.745,Adult
0.575,0.15,0.8765,Adult
0.58,0.17,0.9705,Adult
0.58,0.15,0.92,Adult
0.58,0.125,0.7855,Adult
0.6,0.17,1.056,Adult
0.6,0.15,0.9625,Adult
0.605,0.17,1.0915,Adult
0.61,0.195,1.2735,Adult
0.615,0.175,1.194,Adult
0.615,0.135,1.1215,Adult
0.615,0.165,1.198,Adult
0.62,0.15,0.9545,Adult
0.625,0.16,1.217,Adult
0.625,0.145,0.92,Adult
0.63,0.165,1.2615,Adult
0.63,0.185,1.167,Adult
0.635,0.19,1.3765,Adult
0.635,0.19,1.29,Adult
0.645,0.15,1.151,Adult
0.645,0.17,1.197,Adult
0.65,0.2,1.6645,Adult
0.655,0.205,1.528,Adult
0.655,0.2,1.494,Adult
0.66,0.16,1.277,Adult
0.66,0.18,1.5965,Adult
0.665,0.175,1.3805,Adult
0.67,0.19,1.527,Adult
0.68,0.17,1.3435,Adult
0.505,0.13,0.693,Adult
0.51,0.21,1.183,Adult
0.525,0.135,0.7905,Adult
0.535,0.15,1.224,Adult
0.59,0.14,1.007,Adult
0.595,0.21,1.5245,Adult
0.62,0.17,1.148,Adult
0.625,0.11,1.136,Adult
0.635,0.17,1.2235,Adult
0.635,0.18,1.3695,Adult
0.655,0.175,1.2905,Adult
0.67,0.17,1.4265,Adult
0.75,0.205,2.2635,Adult
0.57,0.14,0.871,Adult
0.58,0.155,0.8785,Adult
0.595,0.16,0.921,Adult
0.6,0.14,0.869,Adult
0.61,0.16,1.089,Adult
0.625,0.155,1.1635,Adult
0.635,0.165,1.251,Adult
0.635,0.155,1.145,Adult
0.64,0.145,1.1335,Adult
0.64,0.15,1.2015,Adult
0.655,0.16,1.204,Adult
0.655,0.17,1.2895,Adult
0.66,0.18,1.5175,Adult
0.68,0.185,1.494,Adult
0.68,0.195,1.664,Adult
0.695,0.2,1.5855,Adult
0.7,0.22,1.666,Adult
0.73,0.205,1.908,Adult
0.755,0.2,2.073,Adult
0.52,0.15,0.728,Adult
0.53,0.115,0.5685,Adult
0.55,0.15,0.655,Adult
0.47,0.1,0.4705,Adult
0.525,0.135,0.714,Adult
0.525,0.13,0.6995,Adult
0.55,0.14,0.952,Adult
0.575,0.135,0.8285,Adult
0.62,0.155,1.1945,Adult
0.63,0.19,1.1655,Adult
0.63,0.17,1.2155,Adult
0.685,0.17,1.5105,Adult
0.485,0.1,0.5565,Adult
0.625,0.2,1.3235,Adult
0.645,0.18,1.2785,Adult
0.71,0.195,1.8745,Adult
0.7,0.215,1.978,Adult
0.655,0.165,1.367,Adult
0.665,0.175,1.742,Adult
0.47,0.105,0.513,Adult
0.43,0.09,0.397,Adult
0.34,0.085,0.204,Adult
0.335,0.07,0.17,Adult
0.55,0.125,0.765,Adult
0.64,0.19,1.151,Adult
0.545,0.115,0.6765,Adult
0.64,0.175,1.571,Adult
0.57,0.155,0.872,Adult
0.505,0.18,0.606,Adult
0.49,0.13,0.539,Adult
0.505,0.135,0.657,Adult
0.37,0.1,0.2685,Adult
0.67,0.175,1.707,Adult
0.59,0.15,0.8805,Adult
0.47,0.11,0.4965,Adult
0.51,0.135,0.632,Adult
0.525,0.115,0.72,Adult
0.61,0.16,1.017,Adult
0.545,0.175,0.98,Adult
0.49,0.155,0.578,Adult
0.505,0.16,0.6835,Adult
0.385,0.1,0.2725,Adult
0.62,0.22,1.511,Adult
0.635,0.185,1.3035,Adult
0.665,0.185,1.3955,Adult
0.6,0.165,1.1345,Adult
0.585,0.17,1.0835,Adult
0.555,0.14,0.868,Adult
0.57,0.16,1.0915,Adult
0.62,0.175,1.271,Adult
0.64,0.19,1.2355,Adult
0.42,0.13,0.4135,Adult
0.45,0.135,0.56,Adult
0.64,0.19,1.2765,Adult
0.61,0.19,1.2955,Adult
0.59,0.205,1.2315,Adult
0.69,0.185,1.5715,Adult
0.655,0.16,1.092,Adult
0.69,0.205,1.8165,Adult
0.695,0.16,1.6365,Adult
0.61,0.19,1.213,Adult
0.435,0.125,0.459,Adult
0.435,0.105,0.4195,Adult
0.575,0.15,0.8745,Adult
0.56,0.125,0.8775,Adult
0.645,0.19,1.3105,Adult
0.595,0.145,1.2515,Adult
0.655,0.14,1.1705,Adult
0.495,0.135,0.6625,Adult
0.4,0.115,0.4335,Adult
0.595,0.145,1.107,Adult
0.625,0.13,0.8595,Adult
0.475,0.14,0.501,Adult
0.5,0.14,0.6735,Adult
0.465,0.14,0.5555,Adult
0.655,0.19,1.428,Adult
0.58,0.165,1.0385,Adult
0.59,0.155,0.9715,Adult
0.665,0.185,1.522,Adult
0.62,0.175,1.1255,Adult
0.605,0.145,1.0185,Adult
0.51,0.12,0.6175,Adult
0.495,0.15,0.597,Adult
0.63,0.16,1.22,Adult
0.605,0.165,1.0735,Adult
0.62,0.175,1.146,Adult
0.615,0.205,1.1055,Adult
0.66,0.19,1.67,Adult
0.71,0.175,1.555,Adult
0.565,0.185,0.9285,Adult
0.57,0.14,0.8085,Adult
0.45,0.135,0.438,Adult
0.62,0.165,1.166,Adult
0.48,0.135,0.507,Adult
0.505,0.15,0.6345,Adult
0.705,0.2,1.4685,Adult
0.535,0.155,0.7765,Adult
0.48,0.13,0.5885,Adult
0.395,0.105,0.3375,Adult
0.545,0.15,0.6855,Adult
0.385,0.125,0.314,Adult
0.51,0.18,0.7005,Adult
0.425,0.135,0.382,Adult
0.45,0.125,0.4435,Adult
0.685,0.175,1.71,Adult
0.585,0.185,0.8575,Adult
0.49,0.135,0.59,Adult
0.455,0.11,0.385,Adult
0.48,0.145,0.59,Adult
0.51,0.13,0.584,Adult
0.52,0.145,0.829,Adult
0.455,0.11,0.4385,Adult
0.58,0.175,1.073,Adult
0.475,0.125,0.588,Adult
0.46,0.15,0.5325,Adult
0.305,0.07,0.1485,Adult
0.475,0.115,0.487,Adult
0.605,0.165,1.2225,Adult
0.475,0.15,0.559,Adult
0.46,0.115,0.44,Adult
0.49,0.105,0.5265,Adult
0.56,0.16,1.0315,Adult
0.58,0.18,1.2495,Adult
0.595,0.165,1.148,Adult
0.63,0.15,1.172,Adult
0.65,0.185,1.5055,Adult
0.465,0.115,0.4705,Adult
0.49,0.115,0.569,Adult
0.505,0.12,0.5725,Adult
0.525,0.125,0.7115,Adult
0.555,0.145,0.8815,Adult
0.555,0.11,0.931,Adult
0.575,0.165,1.065,Adult
0.61,0.16,1.234,Adult
0.61,0.175,1.2635,Adult
0.61,0.16,1.0745,Adult
0.625,0.16,1.1115,Adult
0.625,0.17,1.255,Adult
0.64,0.195,1.1435,Adult
0.665,0.165,1.6885,Adult
0.715,0.23,2.0725,Adult
0.725,0.185,1.523,Adult
0.505,0.16,1.1155,Adult
0.53,0.14,0.627,Adult
0.555,0.135,0.812,Adult
0.585,0.145,0.9835,Adult
0.595,0.165,1.0155,Adult
0.615,0.19,1.1345,Adult
0.62,0.18,1.233,Adult
0.64,0.165,1.1635,Adult
0.64,0.175,1.1545,Adult
0.645,0.175,1.3345,Adult
0.655,0.175,1.5585,Adult
0.66,0.175,1.3275,Adult
0.69,0.19,1.492,Adult
0.7,0.2,1.7365,Adult
0.7,0.175,1.6605,Adult
0.72,0.185,1.7185,Adult
0.495,0.12,0.594,Adult
0.565,0.175,1.2365,Adult
0.57,0.16,0.8875,Adult
0.575,0.16,0.895,Adult
0.585,0.165,0.9355,Adult
0.585,0.165,1.058,Adult
0.595,0.145,0.7955,Adult
0.6,0.17,1.0805,Adult
0.6,0.155,1.059,Adult
0.6,0.17,1.088,Adult
0.6,0.145,0.776,Adult
0.62,0.165,1.043,Adult
0.625,0.16,1.3335,Adult
0.625,0.175,1.273,Adult
0.65,0.195,1.6275,Adult
0.65,0.165,1.3875,Adult
0.655,0.165,1.2835,Adult
0.66,0.155,1.3765,Adult
0.51,0.11,0.5805,Adult
0.555,0.12,0.913,Adult
0.59,0.17,1.0425,Adult
0.61,0.17,1.3475,Adult
0.64,0.17,1.12,Adult
0.64,0.17,1.2645,Adult
0.655,0.17,1.275,Adult
0.665,0.175,1.4355,Adult
0.67,0.195,1.42,Adult
0.735,0.225,2.037,Adult
0.525,0.14,0.8735,Adult
0.545,0.125,0.654,Adult
0.585,0.155,1.034,Adult
0.585,0.145,0.9855,Adult
0.595,0.135,0.964,Adult
0.595,0.155,1.0455,Adult
0.595,0.165,1.081,Adult
0.6,0.16,1.122,Adult
0.605,0.15,1.1345,Adult
0.61,0.165,1.0835,Adult
0.625,0.135,1.3025,Adult
0.63,0.195,1.306,Adult
0.65,0.195,1.281,Adult
0.65,0.175,1.35,Adult
0.66,0.17,1.431,Adult
0.665,0.195,1.764,Adult
0.67,0.155,1.278,Adult
0.67,0.2,1.46,Adult
0.675,0.185,1.5575,Adult
0.675,0.195,1.4985,Adult
0.705,0.17,1.564,Adult
0.725,0.185,1.792,Adult
0.38,0.115,0.6475,Adult
0.485,0.15,0.9145,Adult
0.55,0.18,1.1655,Adult
0.575,0.19,1.764,Adult
0.635,0.17,1.2635,Adult
0.65,0.165,1.238,Adult
0.65,0.17,1.4045,Adult
0.67,0.195,1.37,Adult
0.695,0.205,1.8185,Adult
0.705,0.195,1.7525,Adult
0.555,0.14,0.846,Adult
0.56,0.145,0.898,Adult
0.575,0.15,0.927,Adult
0.585,0.155,0.9845,Adult
0.62,0.175,1.107,Adult
0.63,0.15,1.072,Adult
0.645,0.155,1.129,Adult
0.65,0.175,1.2075,Adult
0.65,0.175,1.227,Adult
0.655,0.175,1.472,Adult
0.665,0.18,1.5785,Adult
0.675,0.21,1.593,Adult
0.695,0.175,1.361,Adult
0.705,0.17,1.4575,Adult
0.45,0.115,0.5885,Adult
0.52,0.135,0.5375,Adult
0.61,0.17,1.137,Adult
0.605,0.175,1.1685,Adult
0.615,0.135,1.059,Adult
0.68,0.185,1.541,Adult
0.71,0.17,1.47,Adult
0.545,0.175,0.754,Adult
0.46,0.115,0.4485,Adult
0.425,0.1,0.4425,Adult
0.53,0.145,0.8255,Adult
0.615,0.145,0.9525,Adult
0.675,0.22,1.604,Adult
0.375,0.11,0.3005,Adult
0.57,0.155,0.9685,Adult
0.485,0.155,0.731,Adult
0.565,0.165,0.9765,Adult
0.57,0.19,1.018,Adult
0.55,0.15,1.082,Adult
0.63,0.175,1.423,Adult
0.655,0.18,1.4155,Adult
0.525,0.165,0.717,Adult
0.5,0.13,0.6355,Adult
0.44,0.135,0.3975,Adult
0.49,0.16,0.656,Adult
0.45,0.11,0.447,Adult
0.515,0.115,0.578,Adult
0.525,0.15,0.708,Adult
0.645,0.225,1.626,Adult
0.61,0.17,1.1775,Adult
0.565,0.13,1.058,Adult
0.67,0.16,1.5415,Adult
0.46,0.12,0.4915,Adult
0.56,0.155,0.9705,Adult
0.575,0.1,0.9315,Adult
0.56,0.18,0.97,Adult
0.5,0.15,0.8085,Adult
0.595,0.18,1.053,Adult
0.615,0.165,1.1765,Adult
0.565,0.15,0.8765,Adult
0.525,0.125,0.813,Adult
0.455,0.125,0.458,Adult
0.52,0.16,0.712,Adult
0.645,0.19,1.3065,Adult
0.5,0.165,0.7105,Adult
0.47,0.115,0.487,Adult
0.65,0.215,1.498,Adult
0.67,0.185,1.597,Adult
0.49,0.115,0.541,Adult
0.475,0.115,0.541,Adult
0.35,0.065,0.205,Adult
0.54,0.16,1.0905,Adult
0.525,0.115,0.6295,Adult
0.53,0.165,0.772,Adult
0.525,0.15,0.7155,Adult
0.53,0.13,0.717,Adult
0.465,0.11,0.6355,Adult
0.515,0.14,0.686,Adult
0.555,0.155,1.016,Adult
0.61,0.18,1.438,Adult
0.68,0.19,1.807,Adult
0.72,0.195,2.1505,Adult
0.525,0.115,0.7745,Adult
0.585,0.125,0.874,Adult
0.645,0.17,1.37,Adult
0.655,0.185,1.759,Adult
0.67,0.195,1.8065,Adult
0.555,0.14,0.7545,Adult
0.585,0.15,1.0035,Adult
0.62,0.14,1.011,Adult
0.64,0.175,1.382,Adult
0.68,0.175,1.473,Adult
0.69,0.195,1.658,Adult
0.575,0.12,0.9585,Adult
0.575,0.165,0.9575,Adult
0.58,0.135,0.926,Adult
0.58,0.155,0.873,Adult
0.625,0.16,1.234,Adult
0.625,0.165,1.2255,Adult
0.635,0.18,1.2565,Adult
0.645,0.15,1.159,Adult
0.69,0.185,1.826,Adult
0.695,0.185,1.7715,Adult
0.63,0.16,1.336,Adult
0.64,0.18,1.36,Adult
0.575,0.17,1.1,Adult
0.625,0.19,1.7015,Adult
0.635,0.155,1.073,Adult
0.635,0.175,1.477,Adult
0.65,0.16,1.3105,Adult
0.675,0.175,1.494,Adult
0.675,0.15,1.1965,Adult
0.71,0.175,1.907,Adult
0.715,0.18,1.79,Adult
0.72,0.205,1.7495,Adult
0.56,0.18,1.6645,Adult
0.57,0.15,0.9645,Adult
0.605,0.155,1.1,Adult
0.64,0.175,1.3185,Adult
0.595,0.14,0.914,Adult
0.6,0.17,1.13,Adult
0.615,0.155,1.0805,Adult
0.635,0.175,1.2355,Adult
0.645,0.19,1.2395,Adult
0.65,0.165,1.357,Adult
0.655,0.22,1.359,Adult
0.56,0.135,0.8025,Adult
0.585,0.165,1.053,Adult
0.585,0.17,0.9945,Adult
0.515,0.125,0.615,Adult
0.565,0.165,0.887,Adult
0.625,0.15,1.0945,Adult
0.33,0.08,0.205,Infant
0.425,0.095,0.3515,Infant
0.355,0.085,0.2905,Infant
0.38,0.1,0.2255,Infant
0.24,0.045,0.07,Infant
0.205,0.055,0.042,Infant
0.21,0.05,0.042,Infant
0.39,0.095,0.203,Infant
0.325,0.07,0.161,Infant
0.52,0.12,0.595,Infant
0.245,0.06,0.086,Infant
0.31,0.07,0.151,Infant
0.36,0.095,0.2315,Infant
0.435,0.08,0.3325,Infant
0.385,0.085,0.2535,Infant
0.36,0.08,0.1755,Infant
0.27,0.06,0.073,Infant
0.375,0.09,0.238,Infant
0.385,0.085,0.2505,Infant
0.35,0.095,0.211,Infant
0.265,0.065,0.0975,Infant
0.28,0.08,0.127,Infant
0.175,0.055,0.0315,Infant
0.17,0.095,0.03,Infant
0.235,0.04,0.048,Infant
0.36,0.09,0.1785,Infant
0.315,0.06,0.125,Infant
0.315,0.085,0.1435,Infant
0.225,0.045,0.0465,Infant
0.355,0.085,0.22,Infant
0.4,0.11,0.315,Infant
0.435,0.11,0.3795,Infant
0.37,0.095,0.2655,Infant
0.405,0.12,0.324,Infant
0.425,0.105,0.3265,Infant
0.365,0.085,0.205,Infant
0.275,0.075,0.1155,Infant
0.44,0.135,0.435,Infant
0.295,0.08,0.124,Infant
0.075,0.01,0.002,Infant
0.13,0.03,0.013,Infant
0.11,0.03,0.008,Infant
0.16,0.035,0.021,Infant
0.27,0.07,0.1,Infant
0.23,0.065,0.0645,Infant
0.3,0.08,0.1275,Infant
0.33,0.085,0.1655,Infant
0.35,0.085,0.174,Infant
0.32,0.08,0.1585,Infant
0.36,0.085,0.1975,Infant
0.305,0.075,0.156,Infant
0.345,0.11,0.2135,Infant
0.33,0.105,0.1715,Infant
0.245,0.06,0.095,Infant
0.36,0.105,0.2415,Infant
0.295,0.085,0.128,Infant
0.275,0.075,0.1105,Infant
0.28,0.085,0.1065,Infant
0.2,0.06,0.037,Infant
0.165,0.03,0.0215,Infant
0.45,0.11,0.4585,Infant
0.33,0.095,0.172,Infant
0.265,0.06,0.0965,Infant
0.19,0.04,0.038,Infant
0.265,0.07,0.1055,Infant
0.355,0.09,0.251,Infant
0.32,0.1,0.1755,Infant
0.36,0.09,0.2255,Infant
0.3,0.08,0.121,Infant
0.235,0.04,0.0705,Infant
0.34,0.08,0.2,Infant
0.375,0.115,0.2715,Infant
0.465,0.12,0.471,Infant
0.415,0.1,0.3215,Infant
0.365,0.095,0.25,Infant
0.345,0.095,0.1995,Infant
0.39,0.1,0.302,Infant
0.44,0.12,0.365,Infant
0.49,0.12,0.529,Infant
0.29,0.07,0.101,Infant
0.26,0.07,0.092,Infant
0.44,0.1,0.366,Infant
0.36,0.095,0.217,Infant
0.385,0.095,0.252,Infant
0.36,0.11,0.2335,Infant
0.335,0.1,0.192,Infant
0.395,0.1,0.2715,Infant
0.36,0.105,0.199,Infant
0.415,0.11,0.2965,Infant
0.24,0.07,0.0715,Infant
0.22,0.055,0.0545,Infant
0.255,0.07,0.0735,Infant
0.175,0.05,0.0235,Infant
0.43,0.12,0.3575,Infant
0.56,0.155,0.8735,Infant
0.68,0.185,1.1095,Infant
0.365,0.115,0.218,Infant
0.53,0.185,0.752,Infant
0.47,0.12,0.4705,Infant
0.47,0.14,0.4985,Infant
0.465,0.13,0.454,Infant
0.52,0.14,0.5775,Infant
0.555,0.18,0.875,Infant
0.65,0.16,1.1625,Infant
0.615,0.155,0.9885,Infant
0.56,0.165,0.8,Infant
0.48,0.12,0.514,Infant
0.485,0.125,0.591,Infant
0.5,0.15,0.6265,Infant
0.525,0.15,0.795,Infant
0.52,0.145,0.66,Infant
0.515,0.12,0.659,Infant
0.485,0.13,0.581,Infant
0.435,0.125,0.406,Infant
0.45,0.14,0.474,Infant
0.45,0.135,0.443,Infant
0.61,0.15,0.9665,Infant
0.56,0.14,0.9175,Infant
0.58,0.15,0.8865,Infant
0.55,0.15,0.806,Infant
0.46,0.14,0.4935,Infant
0.495,0.125,0.6655,Infant
0.52,0.17,0.6805,Infant
0.51,0.15,0.745,Infant
0.525,0.175,0.874,Infant
0.575,0.18,0.8525,Infant
0.605,0.14,0.939,Infant
0.605,0.145,1.054,Infant
0.535,0.145,0.926,Infant
0.47,0.115,0.4885,Infant
0.515,0.14,0.5555,Infant
0.425,0.125,0.425,Infant
0.485,0.13,0.458,Infant
0.495,0.125,0.4775,Infant
0.45,0.145,0.525,Infant
0.485,0.14,0.673,Infant
0.465,0.105,0.498,Infant
0.53,0.145,0.944,Infant
0.475,0.115,0.49,Infant
0.47,0.13,0.5225,Infant
0.44,0.12,0.487,Infant
0.62,0.18,1.1785,Infant
0.445,0.12,0.347,Infant
0.46,0.12,0.4885,Infant
0.335,0.09,0.1665,Infant
0.47,0.13,0.466,Infant
0.58,0.195,1.3165,Infant
0.65,0.18,1.626,Infant
0.535,0.17,0.781,Infant
0.45,0.12,0.412,Infant
0.37,0.1,0.2295,Infant
0.255,0.075,0.0865,Infant
0.165,0.02,0.019,Infant
0.315,0.09,0.1285,Infant
0.155,0.05,0.0175,Infant
0.295,0.09,0.1105,Infant
0.325,0.08,0.176,Infant
0.28,0.055,0.1135,Infant
0.275,0.065,0.1035,Infant
0.29,0.07,0.0975,Infant
0.25,0.06,0.0765,Infant
0.18,0.035,0.0265,Infant
0.15,0.025,0.015,Infant
0.16,0.025,0.018,Infant
0.485,0.14,0.521,Infant
0.385,0.125,0.244,Infant
0.215,0.06,0.0525,Infant
0.37,0.1,0.22,Infant
0.28,0.07,0.1015,Infant
0.235,0.055,0.067,Infant
0.255,0.06,0.088,Infant
0.315,0.085,0.1715,Infant
0.325,0.08,0.1735,Infant
0.335,0.08,0.183,Infant
0.35,0.09,0.2055,Infant
0.35,0.07,0.18,Infant
0.36,0.085,0.27,Infant
0.365,0.135,0.24,Infant
0.37,0.14,0.2215,Infant
0.38,0.095,0.1375,Infant
0.385,0.095,0.312,Infant
0.385,0.1,0.2895,Infant
0.395,0.095,0.319,Infant
0.395,0.095,0.304,Infant
0.4,0.1,0.306,Infant
0.41,0.1,0.394,Infant
0.415,0.11,0.3735,Infant
0.425,0.1,0.398,Infant
0.44,0.115,0.501,Infant
0.445,0.1,0.4895,Infant
0.445,0.1,0.378,Infant
0.45,0.13,0.547,Infant
0.475,0.125,0.5465,Infant
0.485,0.105,0.498,Infant
0.205,0.05,0.046,Infant
0.24,0.055,0.0705,Infant
0.24,0.065,0.0665,Infant
0.255,0.05,0.083,Infant
0.255,0.055,0.083,Infant
0.265,0.06,0.092,Infant
0.28,0.075,0.117,Infant
0.295,0.08,0.1625,Infant
0.3,0.08,0.131,Infant
0.3,0.095,0.1385,Infant
0.305,0.07,0.141,Infant
0.315,0.075,0.1485,Infant
0.315,0.07,0.144,Infant
0.32,0.09,0.1575,Infant
0.325,0.075,0.187,Infant
0.33,0.085,0.196,Infant
0.335,0.075,0.1825,Infant
0.335,0.075,0.186,Infant
0.34,0.075,0.1785,Infant
0.34,0.07,0.2225,Infant
0.345,0.1,0.2455,Infant
0.37,0.095,0.249,Infant
0.37,0.095,0.2865,Infant
0.375,0.09,0.215,Infant
0.385,0.08,0.251,Infant
0.41,0.09,0.339,Infant
0.41,0.09,0.3535,Infant
0.41,0.09,0.3335,Infant
0.415,0.09,0.3595,Infant
0.42,0.115,0.376,Infant
0.42,0.1,0.3435,Infant
0.425,0.1,0.382,Infant
0.425,0.1,0.377,Infant
0.43,0.1,0.3645,Infant
0.43,0.09,0.425,Infant
0.435,0.12,0.3995,Infant
0.435,0.115,0.3925,Infant
0.44,0.13,0.4495,Infant
0.44,0.09,0.35,Infant
0.445,0.13,0.4195,Infant
0.45,0.13,0.478,Infant
0.45,0.105,0.4445,Infant
0.45,0.11,0.47,Infant
0.45,0.105,0.447,Infant
0.455,0.125,0.5325,Infant
0.455,0.12,0.497,Infant
0.46,0.1,0.4635,Infant
0.46,0.105,0.449,Infant
0.465,0.115,0.467,Infant
0.465,0.115,0.534,Infant
0.465,0.11,0.4415,Infant
0.5,0.12,0.56,Infant
0.505,0.15,0.685,Infant
0.505,0.125,0.601,Infant
0.51,0.1,0.5785,Infant
0.51,0.135,0.769,Infant
0.185,0.045,0.029,Infant
0.195,0.045,0.0375,Infant
0.195,0.04,0.0325,Infant
0.2,0.04,0.0435,Infant
0.225,0.055,0.059,Infant
0.245,0.065,0.071,Infant
0.25,0.065,0.0685,Infant
0.265,0.055,0.084,Infant
0.275,0.065,0.106,Infant
0.28,0.085,0.1075,Infant
0.285,0.065,0.096,Infant
0.3,0.08,0.1255,Infant
0.315,0.055,0.151,Infant
0.32,0.085,0.1415,Infant
0.34,0.08,0.2015,Infant
0.37,0.1,0.221,Infant
0.375,0.08,0.2345,Infant
0.375,0.1,0.2325,Infant
0.385,0.08,0.2485,Infant
0.4,0.095,0.348,Infant
0.405,0.11,0.32,Infant
0.41,0.1,0.282,Infant
0.41,0.1,0.3245,Infant
0.42,0.105,0.316,Infant
0.42,0.11,0.3625,Infant
0.42,0.095,0.279,Infant
0.425,0.115,0.3685,Infant
0.435,0.11,0.413,Infant
0.435,0.115,0.418,Infant
0.44,0.11,0.3705,Infant
0.445,0.105,0.409,Infant
0.445,0.145,0.434,Infant
0.445,0.11,0.411,Infant
0.45,0.125,0.462,Infant
0.45,0.12,0.4925,Infant
0.45,0.105,0.3715,Infant
0.45,0.1,0.411,Infant
0.45,0.11,0.3685,Infant
0.46,0.115,0.4155,Infant
0.47,0.125,0.4845,Infant
0.475,0.11,0.4565,Infant
0.475,0.1,0.4545,Infant
0.48,0.125,0.6245,Infant
0.5,0.14,0.5495,Infant
0.5,0.12,0.542,Infant
0.5,0.125,0.519,Infant
0.51,0.125,0.6795,Infant
0.51,0.125,0.5575,Infant
0.51,0.115,0.5155,Infant
0.515,0.125,0.6115,Infant
0.52,0.135,0.5395,Infant
0.52,0.125,0.5545,Infant
0.525,0.13,0.6455,Infant
0.525,0.14,0.601,Infant
0.525,0.12,0.608,Infant
0.53,0.125,0.617,Infant
0.535,0.125,0.599,Infant
0.54,0.14,0.6665,Infant
0.57,0.15,0.755,Infant
0.575,0.13,0.805,Infant
0.665,0.17,1.2975,Infant
0.185,0.12,0.4645,Infant
0.245,0.06,0.0765,Infant
0.25,0.065,0.0685,Infant
0.25,0.065,0.0835,Infant
0.275,0.09,0.1125,Infant
0.305,0.065,0.1075,Infant
0.31,0.07,0.1055,Infant
0.315,0.08,0.1375,Infant
0.315,0.07,0.1145,Infant
0.325,0.075,0.139,Infant
0.33,0.095,0.2085,Infant
0.33,0.095,0.1595,Infant
0.335,0.09,0.2015,Infant
0.34,0.09,0.179,Infant
0.345,0.095,0.1945,Infant
0.345,0.085,0.2005,Infant
0.35,0.075,0.215,Infant
0.35,0.09,0.1785,Infant
0.36,0.085,0.196,Infant
0.365,0.085,0.1875,Infant
0.365,0.085,0.196,Infant
0.365,0.085,0.213,Infant
0.37,0.09,0.2445,Infant
0.37,0.085,0.217,Infant
0.375,0.095,0.213,Infant
0.375,0.085,0.2385,Infant
0.375,0.09,0.218,Infant
0.375,0.095,0.2465,Infant
0.375,0.08,0.2025,Infant
0.375,0.085,0.218,Infant
0.38,0.11,0.256,Infant
0.38,0.08,0.2105,Infant
0.385,0.09,0.2615,Infant
0.385,0.085,0.2175,Infant
0.385,0.095,0.302,Infant
0.385,0.09,0.228,Infant
0.39,0.095,0.3265,Infant
0.395,0.105,0.284,Infant
0.395,0.095,0.2725,Infant
0.395,0.1,0.2985,Infant
0.4,0.1,0.2675,Infant
0.405,0.09,0.2645,Infant
0.41,0.11,0.33,Infant
0.42,0.09,0.328,Infant
0.425,0.11,0.3335,Infant
0.425,0.1,0.3055,Infant
0.425,0.09,0.301,Infant
0.43,0,0.428,Infant
0.43,0.095,0.378,Infant
0.435,0.11,0.3685,Infant
0.44,0.12,0.438,Infant
0.45,0.105,0.448,Infant
0.455,0.105,0.4005,Infant
0.455,0.1,0.372,Infant
0.46,0.105,0.466,Infant
0.46,0.105,0.3705,Infant
0.465,0.11,0.346,Infant
0.47,0.1,0.411,Infant
0.47,0.18,0.48,Infant
0.47,0.12,0.393,Infant
0.475,0.1,0.5035,Infant
0.475,0.12,0.441,Infant
0.475,0.11,0.492,Infant
0.48,0.125,0.5435,Infant
0.48,0.115,0.4725,Infant
0.48,0.1,0.461,Infant
0.495,0.12,0.4965,Infant
0.495,0.13,0.5125,Infant
0.5,0.135,0.594,Infant
0.5,0.145,0.5795,Infant
0.5,0.14,0.6615,Infant
0.5,0.125,0.5695,Infant
0.5,0.14,0.6215,Infant
0.505,0.13,0.6015,Infant
0.505,0.12,0.594,Infant
0.505,0.105,0.551,Infant
0.515,0.12,0.625,Infant
0.515,0.135,0.711,Infant
0.515,0.135,0.6965,Infant
0.52,0.13,0.5825,Infant
0.52,0.125,0.663,Infant
0.525,0.125,0.6965,Infant
0.53,0.13,0.694,Infant
0.53,0.155,0.81,Infant
0.53,0.11,0.5745,Infant
0.53,0.13,0.7675,Infant
0.535,0.135,0.6025,Infant
0.535,0.15,0.5765,Infant
0.54,0.14,0.7265,Infant
0.545,0.135,0.7715,Infant
0.545,0.15,0.7285,Infant
0.545,0.135,0.5945,Infant
0.55,0.145,0.7895,Infant
0.55,0.14,0.7535,Infant
0.55,0.135,0.7305,Infant
0.555,0.155,0.7395,Infant
0.555,0.14,0.7665,Infant
0.555,0.145,0.7905,Infant
0.56,0.135,0.8205,Infant
0.56,0.145,0.688,Infant
0.56,0.145,0.974,Infant
0.565,0.175,0.8735,Infant
0.57,0.145,0.751,Infant
0.57,0.135,0.794,Infant
0.57,0.13,0.7665,Infant
0.585,0.16,1.0505,Infant
0.59,0.135,0.7715,Infant
0.6,0.15,1.12,Infant
0.605,0.15,1.238,Infant
0.605,0.13,0.9025,Infant
0.61,0.15,0.9605,Infant
0.63,0.18,1.272,Infant
0.63,0.145,1.0605,Infant
0.14,0.035,0.014,Infant
0.23,0.06,0.0515,Infant
0.365,0.135,0.2215,Infant
0.365,0.08,0.1985,Infant
0.37,0.095,0.232,Infant
0.375,0.085,0.3155,Infant
0.385,0.09,0.247,Infant
0.395,0.09,0.3025,Infant
0.4,0.11,0.329,Infant
0.4,0.09,0.2815,Infant
0.405,0.095,0.3425,Infant
0.405,0.09,0.2825,Infant
0.405,0.105,0.304,Infant
0.41,0.095,0.2905,Infant
0.425,0.105,0.389,Infant
0.43,0.105,0.4405,Infant
0.44,0.105,0.369,Infant
0.44,0.11,0.4465,Infant
0.455,0.135,0.501,Infant
0.46,0.11,0.436,Infant
0.47,0.14,0.4615,Infant
0.47,0.125,0.4315,Infant
0.47,0.12,0.3685,Infant
0.475,0.115,0.459,Infant
0.48,0.125,0.542,Infant
0.485,0.12,0.4725,Infant
0.515,0.125,0.556,Infant
0.515,0.125,0.5625,Infant
0.53,0.13,0.7045,Infant
0.615,0.13,0.8425,Infant
0.21,0.045,0.0475,Infant
0.285,0.055,0.101,Infant
0.295,0.07,0.121,Infant
0.3,0.085,0.117,Infant
0.305,0.09,0.1465,Infant
0.335,0.08,0.168,Infant
0.35,0.075,0.18,Infant
0.355,0.075,0.1775,Infant
0.355,0.09,0.1985,Infant
0.36,0.095,0.2,Infant
0.36,0.075,0.2205,Infant
0.36,0.075,0.1845,Infant
0.365,0.085,0.2225,Infant
0.37,0.095,0.2175,Infant
0.375,0.08,0.2165,Infant
0.38,0.095,0.243,Infant
0.38,0.1,0.237,Infant
0.385,0.09,0.2365,Infant
0.385,0.095,0.257,Infant
0.385,0.09,0.308,Infant
0.39,0.09,0.252,Infant
0.39,0.1,0.281,Infant
0.39,0.1,0.2225,Infant
0.41,0.09,0.304,Infant
0.41,0.09,0.28,Infant
0.415,0.1,0.313,Infant
0.425,0.11,0.317,Infant
0.425,0.08,0.303,Infant
0.435,0.1,0.3295,Infant
0.435,0.11,0.367,Infant
0.45,0.095,0.3245,Infant
0.45,0.11,0.4195,Infant
0.455,0.115,0.457,Infant
0.46,0.11,0.4,Infant
0.46,0.11,0.4255,Infant
0.465,0.12,0.4365,Infant
0.465,0.11,0.393,Infant
0.47,0.125,0.499,Infant
0.475,0.145,0.6325,Infant
0.475,0.125,0.4905,Infant
0.48,0.125,0.474,Infant
0.48,0.12,0.536,Infant
0.485,0.13,0.6025,Infant
0.49,0.115,0.4615,Infant
0.49,0.135,0.624,Infant
0.495,0.125,0.4715,Infant
0.495,0.105,0.602,Infant
0.5,0.12,0.616,Infant
0.5,0.12,0.5955,Infant
0.5,0.14,0.559,Infant
0.51,0.13,0.6025,Infant
0.515,0.125,0.4725,Infant
0.515,0.105,0.4745,Infant
0.515,0.125,0.6635,Infant
0.515,0.125,0.5705,Infant
0.52,0.145,0.646,Infant
0.52,0.13,0.5545,Infant
0.525,0.12,0.664,Infant
0.525,0.135,0.615,Infant
0.525,0.14,0.654,Infant
0.53,0.12,0.5965,Infant
0.53,0.135,0.6255,Infant
0.53,0.145,0.555,Infant
0.53,0.13,0.8365,Infant
0.535,0.13,0.657,Infant
0.54,0.17,0.836,Infant
0.54,0.14,0.742,Infant
0.54,0.14,0.8195,Infant
0.54,0.14,0.6275,Infant
0.54,0.13,0.7205,Infant
0.54,0.135,0.686,Infant
0.545,0.13,0.686,Infant
0.545,0.12,0.543,Infant
0.545,0.125,0.717,Infant
0.55,0.15,0.639,Infant
0.55,0.135,0.816,Infant
0.55,0.145,0.7815,Infant
0.55,0.15,0.7665,Infant
0.555,0.13,0.5585,Infant
0.555,0.14,0.765,Infant
0.555,0.145,0.9005,Infant
0.56,0.15,0.8225,Infant
0.56,0.13,0.7235,Infant
0.565,0.155,0.743,Infant
0.57,0.17,0.848,Infant
0.57,0.145,0.833,Infant
0.57,0.155,0.867,Infant
0.57,0.145,0.7405,Infant
0.575,0.135,0.7965,Infant
0.575,0.125,0.78,Infant
0.575,0.17,0.8015,Infant
0.575,0.135,0.807,Infant
0.58,0.125,0.7095,Infant
0.59,0.145,1.022,Infant
0.59,0.145,0.9015,Infant
0.595,0.15,0.8335,Infant
0.6,0.17,0.9175,Infant
0.605,0.145,0.8025,Infant
0.61,0.125,0.9225,Infant
0.62,0.18,1.154,Infant
0.62,0.16,1.066,Infant
0.62,0.14,0.8565,Infant
0.62,0.135,0.924,Infant
0.625,0.155,1.1955,Infant
0.625,0.15,1.044,Infant
0.635,0.165,1.489,Infant
0.275,0.09,0.2315,Infant
0.375,0.1,0.394,Infant
0.435,0.12,0.5965,Infant
0.455,0.105,0.422,Infant
0.455,0.135,0.82,Infant
0.455,0.11,0.434,Infant
0.465,0.14,0.7615,Infant
0.485,0.105,0.5205,Infant
0.485,0.16,0.869,Infant
0.535,0.18,1.0835,Infant
0.545,0.165,0.8935,Infant
0.575,0.13,0.8145,Infant
0.585,0.15,0.8915,Infant
0.185,0.04,0.027,Infant
0.24,0.055,0.0555,Infant
0.31,0.075,0.1275,Infant
0.34,0.085,0.1885,Infant
0.35,0.08,0.2,Infant
0.365,0.085,0.197,Infant
0.365,0.085,0.223,Infant
0.365,0.075,0.2215,Infant
0.39,0.105,0.2665,Infant
0.405,0.09,0.269,Infant
0.41,0.095,0.2805,Infant
0.41,0.105,0.3305,Infant
0.415,0.09,0.2815,Infant
0.415,0.1,0.2805,Infant
0.415,0.095,0.311,Infant
0.42,0.1,0.368,Infant
0.43,0.1,0.3405,Infant
0.435,0.1,0.3245,Infant
0.435,0.11,0.38,Infant
0.435,0.105,0.335,Infant
0.435,0.12,0.3215,Infant
0.445,0.11,0.358,Infant
0.465,0.11,0.445,Infant
0.47,0.12,0.487,Infant
0.475,0.105,0.4535,Infant
0.485,0.13,0.568,Infant
0.485,0.12,0.5155,Infant
0.485,0.115,0.457,Infant
0.495,0.135,0.5095,Infant
0.495,0.145,0.5,Infant
0.495,0.14,0.494,Infant
0.5,0.11,0.5605,Infant
0.505,0.13,0.599,Infant
0.505,0.145,0.7045,Infant
0.515,0.135,0.7125,Infant
0.515,0.15,0.6725,Infant
0.52,0.11,0.5185,Infant
0.52,0.14,0.6375,Infant
0.52,0.125,0.5805,Infant
0.52,0.115,0.6645,Infant
0.52,0.115,0.581,Infant
0.525,0.12,0.596,Infant
0.525,0.145,0.6965,Infant
0.525,0.145,0.6095,Infant
0.53,0.14,0.677,Infant
0.53,0.16,0.7245,Infant
0.53,0.13,0.575,Infant
0.53,0.12,0.632,Infant
0.535,0.14,1.0015,Infant
0.54,0.135,0.6555,Infant
0.54,0.125,0.6255,Infant
0.545,0.14,0.8145,Infant
0.545,0.14,0.687,Infant
0.55,0.14,0.7995,Infant
0.55,0.13,0.804,Infant
0.555,0.175,0.738,Infant
0.56,0.165,0.832,Infant
0.565,0.145,0.8445,Infant
0.565,0.155,0.8715,Infant
0.575,0.135,0.8715,Infant
0.575,0.135,0.8245,Infant
0.58,0.145,0.7905,Infant
0.605,0.165,1.071,Infant
0.64,0.135,1.1,Infant
0.65,0.15,1.238,Infant
0.135,0.04,0.029,Infant
0.16,0.025,0.0195,Infant
0.21,0.055,0.0465,Infant
0.28,0.075,0.1195,Infant
0.28,0.065,0.0895,Infant
0.285,0.06,0.0935,Infant
0.29,0.07,0.1115,Infant
0.29,0.06,0.1195,Infant
0.29,0.065,0.097,Infant
0.32,0.07,0.133,Infant
0.325,0.07,0.1745,Infant
0.335,0.08,0.1695,Infant
0.35,0.08,0.17,Infant
0.35,0.07,0.1605,Infant
0.355,0.105,0.271,Infant
0.36,0.085,0.2185,Infant
0.36,0.085,0.196,Infant
0.375,0.08,0.226,Infant
0.375,0.085,0.22,Infant
0.395,0.095,0.3,Infant
0.405,0.09,0.2875,Infant
0.415,0.11,0.316,Infant
0.425,0.095,0.3675,Infant
0.43,0.11,0.3675,Infant
0.435,0.12,0.346,Infant
0.46,0.11,0.4675,Infant
0.47,0.105,0.441,Infant
0.475,0.12,0.5185,Infant
0.51,0.135,0.6855,Infant
0.255,0.06,0.086,Infant
0.27,0.065,0.1065,Infant
0.28,0.08,0.132,Infant
0.285,0.07,0.1075,Infant
0.32,0.085,0.1745,Infant
0.325,0.07,0.152,Infant
0.385,0.1,0.2755,Infant
0.395,0.1,0.293,Infant
0.405,0.09,0.312,Infant
0.415,0.12,0.336,Infant
0.42,0.115,0.355,Infant
0.44,0.115,0.379,Infant
0.445,0.12,0.378,Infant
0.465,0.09,0.4325,Infant
0.48,0.135,0.5465,Infant
0.49,0.11,0.538,Infant
0.55,0.115,0.668,Infant
0.405,0.09,0.2825,Infant
0.37,0.1,0.25,Infant
0.41,0.11,0.315,Infant
0.325,0.055,0.166,Infant
0.455,0.08,0.452,Infant
0.385,0.09,0.232,Infant
0.13,0.035,0.0105,Infant
0.18,0.045,0.0275,Infant
0.31,0.05,0.1445,Infant
0.455,0.125,0.433,Infant
0.475,0.11,0.4555,Infant
0.4,0.1,0.127,Infant
0.32,0.075,0.1735,Infant
0.46,0.11,0.3945,Infant
0.28,0.075,0.1225,Infant
0.38,0.085,0.2735,Infant
0.165,0.015,0.0145,Infant
0.19,0.03,0.0295,Infant
0.215,0.03,0.0385,Infant
0.32,0.08,0.1485,Infant
0.215,0.055,0.0605,Infant
0.43,0.11,0.3675,Infant
0.26,0.08,0.099,Infant
0.37,0.09,0.233,Infant
0.405,0.105,0.3625,Infant
0.27,0.08,0.081,Infant
0.275,0.08,0.1365,Infant
0.33,0.08,0.19,Infant
0.355,0.11,0.2235,Infant
0.275,0.075,0.086,Infant
0.46,0.11,0.444,Infant
0.355,0.1,0.2275,Infant
0.59,0.16,0.893,Infant
0.485,0.14,0.5705,Infant
0.435,0.12,0.4475,Infant
0.405,0.105,0.347,Infant
0.42,0.1,0.352,Infant
0.33,0.09,0.18,Infant
0.325,0.1,0.185,Infant
0.34,0.09,0.179,Infant
0.415,0.1,0.385,Infant
0.495,0.125,0.585,Infant
0.315,0.07,0.137,Infant
0.4,0.1,0.2875,Infant
0.395,0.105,0.306,Infant
0.48,0.145,0.5825,Infant
0.42,0.115,0.3435,Infant
0.31,0.09,0.1455,Infant
0.255,0.07,0.075,Infant
0.17,0.055,0.0235,Infant
0.56,0.17,0.9445,Infant
0.42,0.115,0.354,Infant
0.435,0.11,0.383,Infant
0.535,0.155,0.6315,Infant
0.415,0.115,0.3285,Infant
0.525,0.15,0.7365,Infant
0.47,0.135,0.567,Infant
0.515,0.14,0.6505,Infant
0.3,0.09,0.1425,Infant
0.625,0.16,1.2395,Infant
0.61,0.17,1.0385,Infant
0.625,0.155,0.972,Infant
0.635,0.19,1.3315,Infant
0.5,0.155,0.762,Infant
0.445,0.1,0.437,Infant
0.44,0.165,0.435,Infant
0.555,0.17,0.8435,Infant
0.655,0.145,1.25,Infant
0.625,0.175,1.411,Infant
0.62,0.17,1.208,Infant
0.5,0.12,0.537,Infant
0.42,0.11,0.28,Infant
0.52,0.16,0.595,Infant
0.575,0.17,0.9315,Infant
0.565,0.155,0.782,Infant
0.52,0.14,0.525,Infant
0.635,0.18,1.319,Infant
0.335,0.095,0.17,Infant
0.275,0.08,0.096,Infant
0.325,0.08,0.0995,Infant
0.275,0.065,0.092,Infant
0.235,0.065,0.0625,Infant
0.25,0.06,0.073,Infant
0.25,0.065,0.071,Infant
0.2,0.05,0.036,Infant
0.355,0.09,0.1925,Infant
0.42,0.1,0.2865,Infant
0.285,0.07,0.109,Infant
0.3,0.075,0.127,Infant
0.31,0.105,0.2885,Infant
0.34,0.075,0.18,Infant
0.375,0.075,0.144,Infant
0.415,0.1,0.4665,Infant
0.415,0.105,0.33,Infant
0.415,0.09,0.3625,Infant
0.42,0.1,0.34,Infant
0.425,0.105,0.365,Infant
0.47,0.11,0.5555,Infant
0.475,0.12,0.53,Infant
0.505,0.185,0.6125,Infant
0.66,0.215,1.786,Infant
0.205,0.065,0.04,Infant
0.225,0.07,0.0565,Infant
0.23,0.05,0.064,Infant
0.275,0.07,0.0875,Infant
0.28,0.055,0.106,Infant
0.28,0.08,0.1315,Infant
0.295,0.07,0.126,Infant
0.31,0.075,0.155,Infant
0.315,0.07,0.149,Infant
0.34,0.07,0.185,Infant
0.37,0.08,0.2545,Infant
0.38,0.085,0.237,Infant
0.39,0.1,0.279,Infant
0.405,0.065,0.3205,Infant
0.415,0.1,0.3335,Infant
0.44,0.11,0.3885,Infant
0.44,0.115,0.545,Infant
0.44,0.1,0.4165,Infant
0.44,0.12,0.495,Infant
0.45,0.125,0.4775,Infant
0.45,0.12,0.468,Infant
0.46,0.12,0.4155,Infant
0.46,0.115,0.4215,Infant
0.465,0.11,0.474,Infant
0.475,0.11,0.5735,Infant
0.475,0.105,0.468,Infant
0.5,0.11,0.494,Infant
0.505,0.12,0.6005,Infant
0.22,0.05,0.049,Infant
0.275,0.07,0.1055,Infant
0.29,0.06,0.1045,Infant
0.33,0.075,0.163,Infant
0.355,0.095,0.2275,Infant
0.375,0.1,0.219,Infant
0.415,0.1,0.3645,Infant
0.425,0.115,0.3265,Infant
0.425,0.1,0.3515,Infant
0.43,0.1,0.3465,Infant
0.44,0.1,0.407,Infant
0.44,0.115,0.4215,Infant
0.46,0.11,0.3755,Infant
0.46,0.12,0.5335,Infant
0.465,0.105,0.442,Infant
0.475,0.1,0.1315,Infant
0.475,0.115,0.5205,Infant
0.485,0.13,0.5535,Infant
0.49,0.125,0.5445,Infant
0.495,0.12,0.512,Infant
0.5,0.125,0.583,Infant
0.51,0.155,0.5395,Infant
0.51,0.15,0.625,Infant
0.515,0.125,0.5925,Infant
0.52,0.135,0.633,Infant
0.55,0.13,0.636,Infant
0.555,0.13,0.648,Infant
0.19,0.03,0.0315,Infant
0.21,0.045,0.04,Infant
0.25,0.06,0.0635,Infant
0.29,0.065,0.0985,Infant
0.335,0.08,0.167,Infant
0.34,0.085,0.2015,Infant
0.345,0.095,0.183,Infant
0.355,0.08,0.187,Infant
0.36,0.08,0.1795,Infant
0.37,0.09,0.2065,Infant
0.375,0.14,0.3,Infant
0.375,0.095,0.2295,Infant
0.385,0.125,0.343,Infant
0.385,0.085,0.244,Infant
0.395,0.1,0.3075,Infant
0.4,0.1,0.3415,Infant
0.405,0.1,0.271,Infant
0.405,0.11,0.91,Infant
0.405,0.1,0.268,Infant
0.405,0.09,0.2885,Infant
0.41,0.1,0.3,Infant
0.41,0.11,0.326,Infant
0.415,0.1,0.358,Infant
0.42,0.115,0.314,Infant
0.42,0.11,0.4025,Infant
0.43,0.11,0.3645,Infant
0.445,0.11,0.4235,Infant
0.45,0.095,0.3505,Infant
0.455,0.115,0.486,Infant
0.46,0.1,0.471,Infant
0.46,0.105,0.415,Infant
0.475,0.115,0.5195,Infant
0.485,0.125,0.5215,Infant
0.485,0.14,0.4475,Infant
0.49,0.125,0.5585,Infant
0.505,0.125,0.596,Infant
0.505,0.135,0.5385,Infant
0.51,0.145,0.7665,Infant
0.515,0.11,0.531,Infant
0.525,0.13,0.607,Infant
0.525,0.13,0.6445,Infant
0.525,0.12,0.6315,Infant
0.55,0.145,0.712,Infant
0.55,0.145,0.89,Infant
0.55,0.155,0.912,Infant
0.55,0.135,0.656,Infant
0.55,0.15,0.936,Infant
0.555,0.145,0.6975,Infant
0.56,0.14,0.825,Infant
0.56,0.135,0.72,Infant
0.565,0.15,0.8215,Infant
0.585,0.145,0.8465,Infant
0.585,0.145,0.6735,Infant
0.24,0.05,0.0545,Infant
0.255,0.055,0.0725,Infant
0.275,0.055,0.0925,Infant
0.32,0.09,0.183,Infant
0.325,0.075,0.1525,Infant
0.33,0.075,0.187,Infant
0.36,0.09,0.232,Infant
0.375,0.095,0.196,Infant
0.375,0.09,0.2545,Infant
0.39,0.09,0.2625,Infant
0.45,0.105,0.362,Infant
0.455,0.105,0.4445,Infant
0.46,0.115,0.511,Infant
0.495,0.12,0.589,Infant
0.5,0.12,0.529,Infant
0.52,0.145,0.77,Infant
0.31,0.07,0.1245,Infant
0.315,0.075,0.1285,Infant
0.32,0.08,0.181,Infant
0.325,0.075,0.1585,Infant
0.335,0.09,0.1965,Infant
0.37,0.085,0.198,Infant
0.37,0.09,0.1855,Infant
0.375,0.085,0.2145,Infant
0.4,0.09,0.3245,Infant
0.41,0.095,0.2625,Infant
0.425,0.1,0.371,Infant
0.435,0.095,0.298,Infant
0.445,0.09,0.336,Infant
0.46,0.14,0.447,Infant
0.47,0.13,0.587,Infant
0.475,0.11,0.494,Infant
0.495,0.12,0.614,Infant
0.5,0.13,0.5075,Infant
0.5,0.12,0.5445,Infant
0.505,0.125,0.6115,Infant
0.505,0.125,0.5605,Infant
0.51,0.145,0.5775,Infant
0.51,0.125,0.5935,Infant
0.52,0.11,0.597,Infant
0.53,0.125,0.616,Infant
0.54,0.13,0.8155,Infant
0.54,0.11,0.619,Infant
0.545,0.13,0.7595,Infant
0.545,0.15,0.742,Infant
0.55,0.165,0.804,Infant
0.55,0.13,0.664,Infant
0.56,0.13,0.728,Infant
0.56,0.13,0.777,Infant
0.575,0.16,0.9895,Infant
0.585,0.135,0.855,Infant
0.59,0.125,0.755,Infant
0.59,0.145,0.9745,Infant
0.6,0.135,0.9205,Infant
0.605,0.155,0.9995,Infant
0.61,0.155,1.0485,Infant
0.61,0.16,1.1545,Infant
0.67,0.175,1.2565,Infant
0.32,0.095,0.305,Infant
0.43,0.115,0.4295,Infant
0.43,0.1,0.449,Infant
0.5,0.115,0.5745,Infant
0.535,0.135,0.775,Infant
0.595,0.165,0.9845,Infant
0.255,0.065,0.074,Infant
0.375,0.08,0.2075,Infant
0.375,0.09,0.237,Infant
0.39,0.1,0.2665,Infant
0.39,0.09,0.215,Infant
0.395,0.09,0.253,Infant
0.42,0.11,0.309,Infant
0.435,0.105,0.3535,Infant
0.435,0.105,0.335,Infant
0.44,0.105,0.3875,Infant
0.45,0.115,0.365,Infant
0.45,0.125,0.4045,Infant
0.455,0.105,0.372,Infant
0.46,0.11,0.3965,Infant
0.47,0.125,0.5225,Infant
0.475,0.11,0.456,Infant
0.495,0.1,0.44,Infant
0.495,0.115,0.507,Infant
0.5,0.135,0.5285,Infant
0.515,0.125,0.572,Infant
0.52,0.14,0.6625,Infant
0.52,0.115,0.6445,Infant
0.525,0.11,0.6275,Infant
0.535,0.145,0.6885,Infant
0.55,0.15,0.6755,Infant
0.55,0.145,0.783,Infant
0.565,0.135,0.768,Infant
0.575,0.13,0.7425,Infant
0.575,0.16,0.9175,Infant
0.59,0.145,0.974,Infant
0.62,0.16,0.907,Infant
0.225,0.05,0.0515,Infant
0.23,0.05,0.057,Infant
0.255,0.06,0.0925,Infant
0.355,0.075,0.204,Infant
0.425,0.095,0.3075,Infant
0.425,0.085,0.262,Infant
0.29,0.06,0.1115,Infant
0.3,0.065,0.1235,Infant
0.37,0.1,0.2815,Infant
0.375,0.08,0.226,Infant
0.38,0.085,0.2285,Infant
0.395,0.12,0.2995,Infant
0.41,0.105,0.361,Infant
0.415,0.115,0.3045,Infant
0.425,0.105,0.3975,Infant
0.44,0.1,0.379,Infant
0.44,0.12,0.4995,Infant
0.335,0.09,0.1835,Infant
0.18,0.08,0.033,Infant
0.215,0.055,0.059,Infant
0.2,0.04,0.046,Infant
0.275,0.065,0.1165,Infant
0.51,0.12,0.61,Infant
0.27,0.07,0.102,Infant
0.2,0.025,0.0345,Infant
0.325,0.075,0.1495,Infant
0.31,0.075,0.1515,Infant
0.295,0.075,0.116,Infant
0.48,0.125,0.523,Infant
0.32,0.08,0.1565,Infant
0.43,0.125,0.384,Infant
0.44,0.12,0.375,Infant
0.42,0.125,0.3915,Infant
0.345,0.1,0.2225,Infant
0.455,0.125,0.533,Infant
0.43,0.105,0.366,Infant
0.3,0.075,0.15,Infant
0.6,0.175,1.057,Infant
0.41,0.115,0.2595,Infant
0.485,0.12,0.5085,Infant
0.45,0.115,0.4385,Infant
0.49,0.14,0.5425,Infant
0.375,0.1,0.2565,Infant
0.55,0.135,0.8095,Infant
0.635,0.2,1.3655,Infant
0.575,0.17,0.967,Infant
0.44,0.125,0.4895,Infant
0.45,0.125,0.45,Infant
0.39,0.105,0.259,Infant
0.66,0.18,1.6935,Infant
0.54,0.145,0.97,Infant
0.495,0.145,0.515,Infant
0.47,0.16,0.51,Infant
0.49,0.115,0.683,Infant
0.47,0.105,0.468,Infant
0.445,0.13,0.4075,Infant
0.475,0.14,0.4545,Infant
0.435,0.11,0.407,Infant
0.39,0.1,0.3085,Infant
0.375,0.1,0.239,Infant
0.58,0.17,1.178,Infant
0.54,0.15,0.7585,Infant
0.44,0.115,0.3625,Infant
0.59,0.195,1.0885,Infant
0.61,0.165,1.097,Infant
0.61,0.17,1.278,Infant
0.44,0.135,0.522,Infant
0.31,0.09,0.127,Infant
0.255,0.07,0.0815,Infant
0.295,0.08,0.1,Infant
0.19,0.045,0.0265,Infant
0.35,0.11,0.209,Infant
0.34,0.075,0.1765,Infant
0.35,0.075,0.196,Infant
0.35,0.08,0.192,Infant
0.39,0.09,0.3095,Infant
0.395,0.095,0.313,Infant
0.415,0.105,0.3595,Infant
0.43,0.1,0.3855,Infant
0.48,0.115,0.5785,Infant
0.25,0.065,0.0805,Infant
0.28,0.065,0.111,Infant
0.325,0.075,0.152,Infant
0.35,0.095,0.199,Infant
0.36,0.09,0.219,Infant
0.365,0.105,0.2155,Infant
0.37,0.09,0.2565,Infant
0.375,0.09,0.257,Infant
0.38,0.095,0.2505,Infant
0.395,0.09,0.279,Infant
0.43,0.105,0.378,Infant
0.44,0.125,0.456,Infant
0.465,0.1,0.5055,Infant
0.485,0.1,0.513,Infant
0.495,0.145,0.578,Infant
0.5,0.11,0.596,Infant
0.165,0.05,0.021,Infant
0.21,0.055,0.0455,Infant
0.355,0.085,0.2435,Infant
0.4,0.085,0.2675,Infant
0.4,0.1,0.258,Infant
0.4,0.11,0.2985,Infant
0.435,0.11,0.411,Infant
0.44,0.11,0.38,Infant
0.45,0.105,0.4385,Infant
0.465,0.105,0.4015,Infant
0.47,0.145,0.4485,Infant
0.47,0.115,0.4155,Infant
0.475,0.16,0.7095,Infant
0.485,0.115,0.637,Infant
0.51,0.13,0.599,Infant
0.52,0.13,0.5345,Infant
0.215,0.055,0.041,Infant
0.24,0.06,0.0655,Infant
0.26,0.07,0.097,Infant
0.32,0.085,0.131,Infant
0.33,0.085,0.1695,Infant
0.335,0.085,0.192,Infant
0.35,0.09,0.1765,Infant
0.35,0.085,0.1735,Infant
0.36,0.075,0.1785,Infant
0.36,0.09,0.2055,Infant
0.365,0.09,0.2345,Infant
0.38,0.09,0.2305,Infant
0.4,0.115,0.314,Infant
0.4,0.09,0.33,Infant
0.4,0.1,0.2775,Infant
0.425,0.11,0.405,Infant
0.43,0.105,0.309,Infant
0.435,0.12,0.396,Infant
0.445,0.095,0.3615,Infant
0.45,0.11,0.514,Infant
0.455,0.11,0.4265,Infant
0.46,0.09,0.384,Infant
0.475,0.125,0.4865,Infant
0.475,0.135,0.4355,Infant
0.475,0.115,0.498,Infant
0.48,0.125,0.494,Infant
0.5,0.125,0.528,Infant
0.515,0.135,0.636,Infant
0.525,0.105,0.567,Infant
0.53,0.13,0.6615,Infant
0.53,0.13,0.658,Infant
0.535,0.13,0.6075,Infant
0.54,0.135,0.7025,Infant
0.55,0.155,0.8725,Infant
0.57,0.13,0.7745,Infant
0.575,0.155,0.8725,Infant
0.575,0.125,0.8515,Infant
0.58,0.14,0.9265,Infant
0.58,0.14,0.8295,Infant
0.58,0.15,0.907,Infant
0.63,0.15,1.0315,Infant
0.175,0.04,0.028,Infant
0.37,0.095,0.226,Infant
0.395,0.09,0.2855,Infant
0.42,0.11,0.325,Infant
0.455,0.11,0.514,Infant
0.495,0.115,0.5755,Infant
0.27,0.05,0.084,Infant
0.285,0.07,0.1005,Infant
0.295,0.085,0.1285,Infant
0.3,0.075,0.1345,Infant
0.3,0.065,0.1195,Infant
0.36,0.085,0.1895,Infant
0.37,0.095,0.257,Infant
0.39,0.09,0.2745,Infant
0.435,0.1,0.342,Infant
0.44,0.105,0.344,Infant
0.44,0.095,0.3275,Infant
0.445,0.12,0.4035,Infant
0.465,0.115,0.4075,Infant
0.465,0.12,0.4975,Infant
0.47,0.12,0.3685,Infant
0.475,0.105,0.4175,Infant
0.475,0.1,0.4425,Infant
0.475,0.125,0.4225,Infant
0.485,0.125,0.426,Infant
0.49,0.12,0.511,Infant
0.515,0.13,0.573,Infant
0.52,0.14,0.6385,Infant
0.525,0.125,0.657,Infant
0.53,0.13,0.781,Infant
0.53,0.14,0.6765,Infant
0.53,0.125,0.6235,Infant
0.535,0.155,0.8075,Infant
0.55,0.15,0.7915,Infant
0.55,0.14,0.753,Infant
0.55,0.135,0.717,Infant
0.555,0.15,0.783,Infant
0.575,0.145,0.872,Infant
0.575,0.15,0.983,Infant
0.585,0.14,0.7635,Infant
0.595,0.135,0.9365,Infant
0.62,0.155,0.966,Infant
0.625,0.16,1.15,Infant
0.63,0.17,1.217,Infant
0.235,0.075,0.1585,Infant
0.35,0.1,0.4015,Infant
0.36,0.115,0.465,Infant
0.38,0.095,0.2885,Infant
0.465,0.105,0.452,Infant
0.47,0.12,0.4915,Infant
0.5,0.145,0.7865,Infant
0.51,0.15,0.8415,Infant
0.275,0.065,0.101,Infant
0.285,0.07,0.106,Infant
0.36,0.085,0.1865,Infant
0.385,0.1,0.2575,Infant
0.4,0.1,0.3225,Infant
0.43,0.095,0.32,Infant
0.435,0.11,0.4155,Infant
0.45,0.115,0.3935,Infant
0.475,0.135,0.4775,Infant
0.475,0.11,0.452,Infant
0.485,0.14,0.5065,Infant
0.51,0.105,0.5525,Infant
0.515,0.12,0.565,Infant
0.52,0.14,0.699,Infant
0.525,0.14,0.6055,Infant
0.53,0.115,0.475,Infant
0.53,0.15,0.612,Infant
0.535,0.145,0.705,Infant
0.535,0.135,0.728,Infant
0.565,0.125,0.6545,Infant
0.575,0.145,0.795,Infant
0.58,0.14,0.701,Infant
0.59,0.125,0.86,Infant
0.62,0.18,1.1305,Infant
0.205,0.045,0.0495,Infant
0.305,0.075,0.1455,Infant
0.32,0.06,0.129,Infant
0.355,0.1,0.2255,Infant
0.425,0.095,0.3505,Infant
0.525,0.125,0.5655,Infant
0.35,0.095,0.221,Infant
0.38,0.095,0.2425,Infant
0.46,0.1,0.386,Infant
0.17,0.035,0.034,Infant
0.335,0.095,0.185,Infant
0.37,0.085,0.2045,Infant
0.335,0.085,0.1785,Infant
0.32,0.065,0.1385,Infant
0.33,0.075,0.1405,Infant
0.38,0.1,0.286,Infant
0.29,0.075,0.152,Infant
0.41,0.105,0.335,Infant
0.435,0.125,0.4075,Infant
0.14,0.035,0.0145,Infant
0.16,0.02,0.018,Infant
0.48,0.15,0.6275,Infant
0.455,0.135,0.441,Infant
0.355,0.1,0.216,Infant
0.52,0.14,0.6765,Infant
0.54,0.145,0.757,Infant
0.52,0.14,0.7325,Infant
0.56,0.165,1.0285,Infant
0.615,0.19,1.066,Infant
0.565,0.135,0.8545,Infant
0.525,0.14,0.6955,Infant
0.58,0.16,0.728,Infant
0.5,0.155,0.6675,Infant
0.725,0.22,2.0495,Infant
0.55,0.165,0.8605,Infant
0.235,0.06,0.058,Infant
0.235,0.08,0.0645,Infant
0.235,0.065,0.0615,Infant
0.315,0.08,0.18,Infant
0.465,0.12,0.5805,Infant
0.49,0.12,0.591,Infant
0.27,0.075,0.118,Infant
0.27,0.06,0.099,Infant
0.295,0.07,0.1365,Infant
0.295,0.065,0.1295,Infant
0.315,0.07,0.164,Infant
0.375,0.095,0.2875,Infant
0.38,0.09,0.277,Infant
0.385,0.09,0.248,Infant
0.4,0.095,0.252,Infant
0.415,0.1,0.3905,Infant
0.42,0.115,0.409,Infant
0.44,0.135,0.4095,Infant
0.45,0.135,0.494,Infant
0.475,0.12,0.4905,Infant
0.58,0.15,0.8915,Infant
0.185,0.045,0.032,Infant
0.245,0.055,0.0785,Infant
0.315,0,0.134,Infant
0.36,0.09,0.2075,Infant
0.375,0.08,0.2235,Infant
0.415,0.095,0.34,Infant
0.455,0.135,0.5365,Infant
0.48,0.105,0.635,Infant
0.485,0.125,0.562,Infant
0.51,0.125,0.597,Infant
0.275,0.07,0.096,Infant
0.33,0.065,0.1445,Infant
0.33,0.085,0.1965,Infant
0.365,0.09,0.196,Infant
0.365,0.09,0.2155,Infant
0.42,0.1,0.2805,Infant
0.435,0.11,0.334,Infant
0.435,0.1,0.366,Infant
0.44,0.11,0.4965,Infant
0.485,0.09,0.651,Infant
0.495,0.125,0.5125,Infant
0.52,0.14,0.5995,Infant
0.54,0.14,0.74,Infant
0.54,0.155,0.702,Infant
0.55,0.125,0.672,Infant
0.56,0.155,0.811,Infant
0.575,0.15,0.858,Infant
0.545,0.13,0.658,Infant
0.37,0.08,0.2325,Infant
0.395,0.085,0.317,Infant
0.4,0.115,0.318,Infant
0.41,0.1,0.2645,Infant
0.455,0.105,0.4055,Infant
0.48,0.125,0.524,Infant
0.485,0.11,0.464,Infant
0.5,0.12,0.439,Infant
0.515,0.125,0.5805,Infant
0.52,0.14,0.622,Infant
0.545,0.14,0.772,Infant
0.55,0.125,0.741,Infant
0.555,0.125,0.7005,Infant
0.565,0.15,1.1815,Infant
0.595,0.155,0.984,Infant
0.42,0.1,0.3415,Infant
0.48,0.1,0.519,Infant
0.515,0.14,0.7165,Infant
0.56,0.14,0.837,Infant
0.3,0.05,0.1185,Infant
0.455,0.13,0.4725,Infant
0.46,0.11,0.4495,Infant
0.49,0.115,0.557,Infant
0.5,0.12,0.516,Infant
0.54,0.135,0.709,Infant
0.55,0.11,0.7935,Infant
0.57,0.14,0.7655,Infant
0.58,0.145,0.83,Infant
0.585,0.17,0.985,Infant
0.28,0.07,0.124,Infant
0.33,0.08,0.14,Infant
0.35,0.075,0.1695,Infant
0.37,0.09,0.218,Infant
0.43,0.115,0.384,Infant
0.435,0.095,0.393,Infant
0.44,0.11,0.3805,Infant
0.48,0.11,0.4495,Infant
0.39,0.085,0.344,Infant
0.39,0.1,0.2845,Infant
0.405,0.085,0.3035,Infant
0.475,0.115,0.499,Infant
0.455,0.095,0.514,Adult
0.35,0.09,0.2255,Adult
0.44,0.125,0.516,Adult
0.475,0.125,0.5095,Adult
0.43,0.11,0.406,Adult
0.49,0.135,0.5415,Adult
0.5,0.13,0.6645,Adult
0.365,0.08,0.2555,Adult
0.45,0.1,0.381,Adult
0.355,0.095,0.2455,Adult
0.59,0.14,0.931,Adult
0.605,0.18,0.9365,Adult
0.575,0.14,0.8635,Adult
0.58,0.165,0.9975,Adult
0.665,0.165,1.338,Adult
0.465,0.105,0.4795,Adult
0.355,0.09,0.3275,Adult
0.47,0.12,0.5795,Adult
0.4,0.095,0.303,Adult
0.485,0.13,0.5415,Adult
0.405,0.1,0.385,Adult
0.445,0.12,0.4425,Adult
0.47,0.135,0.5895,Adult
0.45,0.105,0.4115,Adult
0.505,0.11,0.625,Adult
0.425,0.095,0.3785,Adult
0.52,0.12,0.58,Adult
0.475,0.12,0.48,Adult
0.555,0.13,0.7665,Adult
0.57,0.175,1.185,Adult
0.595,0.14,0.944,Adult
0.62,0.175,1.615,Adult
0.595,0.16,1.3175,Adult
0.58,0.14,1.013,Adult
0.625,0.14,1.195,Adult
0.56,0.16,0.8645,Adult
0.565,0.135,0.8115,Adult
0.555,0.15,0.755,Adult
0.595,0.175,1.115,Adult
0.695,0.19,1.494,Adult
0.665,0.195,1.606,Adult
0.535,0.15,0.725,Adult
0.47,0.13,0.523,Adult
0.47,0.13,0.5225,Adult
0.55,0.145,0.843,Adult
0.53,0.16,0.883,Adult
0.53,0.14,0.724,Adult
0.605,0.16,1.1735,Adult
0.495,0.125,0.5415,Adult
0.465,0.105,0.431,Adult
0.425,0.105,0.393,Adult
0.44,0.105,0.402,Adult
0.405,0.085,0.2605,Adult
0.37,0.075,0.214,Adult
0.7,0.16,1.7255,Adult
0.71,0.165,1.959,Adult
0.595,0.165,1.262,Adult
0.345,0.09,0.2005,Adult
0.375,0.095,0.253,Adult
0.65,0.19,1.3445,Adult
0.56,0.155,0.797,Adult
0.475,0.13,0.5175,Adult
0.46,0.12,0.515,Adult
0.59,0.145,1.053,Adult
0.515,0.13,0.722,Adult
0.645,0.215,1.514,Adult
0.605,0.165,1.056,Adult
0.61,0.175,1.2445,Adult
0.725,0.19,2.55,Adult
0.705,0.22,1.981,Adult
0.695,0.215,1.9565,Adult
0.525,0.155,1.065,Adult
0.58,0.15,0.97,Adult
0.57,0.18,0.9395,Adult
0.64,0.175,1.368,Adult
0.62,0.19,1.218,Adult
0.615,0.18,1.1595,Adult
0.61,0.17,1.0225,Adult
0.58,0.15,0.927,Adult
0.5,0.155,0.772,Adult
0.64,0.185,1.3035,Adult
0.56,0.16,0.922,Adult
0.585,0.185,0.922,Adult
0.5,0.165,0.825,Adult
0.42,0.115,0.369,Adult
0.335,0.09,0.181,Adult
0.5,0.14,0.6155,Adult
0.55,0.14,0.8025,Adult
0.45,0.13,0.46,Adult
0.47,0.135,0.501,Adult
0.555,0.135,0.836,Adult
0.565,0.175,0.9025,Adult
0.625,0.215,1.4455,Adult
0.565,0.16,0.9425,Adult
0.59,0.18,1.1235,Adult
0.6,0.165,1.2415,Adult
0.56,0.175,1.011,Adult
0.56,0.185,1.07,Adult
0.545,0.16,0.8975,Adult
0.53,0.165,0.8945,Adult
0.27,0.08,0.1205,Adult
0.52,0.15,0.895,Adult
0.35,0.11,0.2925,Adult
0.47,0.15,0.6355,Adult
0.59,0.2,1.187,Adult
0.62,0.205,1.219,Adult
0.63,0.225,1.525,Adult
0.63,0.155,1.259,Adult
0.655,0.215,1.844,Adult
0.61,0.24,1.642,Adult
0.635,0.205,1.484,Adult
0.485,0.14,0.6295,Adult
0.515,0.175,0.9565,Adult
0.53,0.155,0.699,Adult
0.44,0.125,0.4775,Adult
0.54,0.18,0.996,Adult
0.61,0.165,1.116,Adult
0.6,0.195,1.0575,Adult
0.49,0.14,0.549,Adult
0.37,0.105,0.234,Adult
0.37,0.1,0.252,Adult
0.36,0.1,0.217,Adult
0.645,0.24,1.5415,Adult
0.55,0.125,0.7605,Adult
0.57,0.145,0.9055,Adult
0.56,0.14,0.971,Adult
0.595,0.195,1.3305,Adult
0.63,0.175,1.3,Adult
0.45,0.1,0.3675,Adult
0.385,0.1,0.2845,Adult
0.335,0.105,0.222,Adult
0.51,0.13,0.6435,Adult
0.36,0.105,0.241,Adult
0.5,0.155,0.5955,Adult
0.62,0.19,1.3415,Adult
0.6,0.19,1.0875,Adult
0.59,0.185,1.283,Adult
0.62,0.185,1.325,Adult
0.575,0.145,1.165,Adult
0.62,0.185,1.274,Adult
0.49,0.14,0.707,Adult
0.61,0.15,1.2,Adult
0.57,0.14,0.9535,Adult
0.58,0.17,0.93,Adult
0.635,0.17,1.275,Adult
0.7,0.205,2.13,Adult
0.675,0.185,1.587,Adult
0.745,0.215,2.499,Adult
0.605,0.18,1.227,Adult
0.63,0.16,1.016,Adult
0.58,0.145,0.887,Adult
0.63,0.18,1.13,Adult
0.685,0.15,1.343,Adult
0.63,0.19,1.1775,Adult
0.565,0.175,0.995,Adult
0.605,0.18,1.1405,Adult
0.535,0.145,0.791,Adult
0.485,0.135,0.663,Adult
0.47,0.12,0.5565,Adult
0.545,0.135,0.8445,Adult
0.54,0.155,0.7385,Adult
0.46,0.135,0.482,Adult
0.49,0.125,0.609,Adult
0.475,0.125,0.593,Adult
0.47,0.145,0.5865,Adult
0.535,0.15,0.6765,Adult
0.585,0.15,0.987,Adult
0.515,0.135,0.7225,Adult
0.45,0.115,0.479,Adult
0.59,0.12,0.911,Adult
0.555,0.145,0.915,Adult
0.57,0.095,0.827,Adult
0.59,0.165,1.1045,Adult
0.585,0.12,0.945,Adult
0.545,0.12,0.8565,Adult
0.63,0.165,1.352,Adult
0.545,0.14,0.625,Adult
0.58,0.175,1.068,Adult
0.6,0.16,1.015,Adult
0.6,0.155,1.036,Adult
0.565,0.17,0.9065,Adult
0.545,0.14,0.7505,Adult
0.5,0.15,0.662,Adult
0.39,0.09,0.3055,Adult
0.5,0.165,0.6885,Adult
0.565,0.185,0.9815,Adult
0.565,0.185,0.9265,Adult
0.605,0.175,1.098,Adult
0.725,0.215,1.891,Adult
0.575,0.14,0.8375,Adult
0.38,0.1,0.2665,Adult
0.655,0.195,1.388,Adult
0.675,0.2,1.4385,Adult
0.53,0.175,0.7395,Adult
0.665,0.175,1.347,Adult
0.735,0.225,1.756,Adult
0.66,0.185,1.32,Adult
0.575,0.155,0.9325,Adult
0.57,0.125,0.849,Adult
0.63,0.145,1.0115,Adult
0.55,0.13,0.92,Adult
0.54,0.135,0.8075,Adult
0.59,0.145,1.073,Adult
0.58,0.13,0.921,Adult
0.655,0.175,1.2635,Adult
0.625,0.195,1.369,Adult
0.555,0.175,0.874,Adult
0.6,0.175,1.105,Adult
0.56,0.235,0.8395,Adult
0.585,0.225,1.055,Adult
0.56,0.18,0.889,Adult
0.31,0.085,0.146,Adult
0.27,0.08,0.1,Adult
0.4,0.115,0.2795,Adult
0.28,0.08,0.0915,Adult
0.325,0.09,0.147,Adult
0.21,0.05,0.0385,Adult
0.2,0.055,0.035,Adult
0.235,0.06,0.0545,Adult
0.175,0.04,0.024,Adult
0.155,0.04,0.0155,Adult
0.385,0.095,0.24,Adult
0.29,0.075,0.1165,Adult
0.275,0.07,0.094,Adult
0.42,0.115,0.2885,Adult
0.445,0.115,0.3615,Adult
0.32,0.075,0.1555,Adult
0.255,0.065,0.08,Adult
0.205,0.045,0.0425,Adult
0.35,0.065,0.179,Adult
0.28,0.08,0.1085,Adult
0.45,0.14,0.4625,Adult
0.535,0.15,0.6995,Adult
0.345,0.09,0.195,Adult
0.37,0.1,0.228,Adult
0.35,0.09,0.1775,Adult
0.195,0.05,0.032,Adult
0.325,0.075,0.155,Adult
0.415,0.135,0.3865,Adult
0.32,0.085,0.17,Adult
0.31,0.075,0.1295,Adult
0.235,0.055,0.0515,Adult
0.345,0.08,0.169,Adult
0.34,0.085,0.1835,Adult
0.46,0.125,0.467,Adult
0.36,0.1,0.2105,Adult
0.355,0.09,0.168,Adult
0.38,0.1,0.258,Adult
0.355,0.085,0.1905,Adult
0.325,0.085,0.173,Adult
0.33,0.095,0.1875,Adult
0.45,0.13,0.3715,Adult
0.33,0.075,0.1145,Adult
0.48,0.145,0.777,Adult
0.255,0.065,0.079,Adult
0.31,0.08,0.1345,Adult
0.295,0.075,0.129,Adult
0.455,0.12,0.4835,Adult
0.55,0.155,0.9175,Adult
0.475,0.145,0.6175,Adult
0.49,0.15,0.573,Adult
0.54,0.145,0.74,Adult
0.485,0.14,0.5725,Adult
0.535,0.185,0.8345,Adult
0.51,0.14,0.6515,Adult
0.565,0.185,0.909,Adult
0.525,0.17,0.7305,Adult
0.59,0.15,0.9555,Adult
0.5,0.15,0.636,Adult
0.38,0.12,0.283,Adult
0.28,0.1,0.1165,Adult
0.385,0.105,0.2905,Adult
0.395,0.115,0.316,Adult
0.4,0.125,0.417,Adult
0.415,0.14,0.417,Adult
0.315,0.09,0.203,Adult
0.36,0.13,0.2765,Adult
0.375,0.1,0.2465,Adult
0.355,0.085,0.201,Adult
0.35,0.08,0.1915,Adult
0.555,0.16,1.0575,Adult
0.555,0.15,1.092,Adult
0.525,0.13,0.99,Adult
0.465,0.08,0.488,Adult
0.4,0.085,0.297,Adult
0.505,0.125,0.77,Adult
0.525,0.13,0.8295,Adult
0.545,0.13,0.879,Adult
0.52,0.12,0.823,Adult
0.505,0.13,0.656,Adult
0.525,0.12,0.8665,Adult
0.51,0.125,0.6565,Adult
0.52,0.115,0.669,Adult
0.535,0.135,0.862,Adult
0.445,0.09,0.3795,Adult
0.53,0.205,0.835,Adult
0.53,0.13,0.8425,Adult
0.52,0.14,0.6595,Adult
0.535,0.13,0.8055,Adult
0.695,0.175,1.5165,Adult
0.485,0.12,0.547,Adult
0.65,0.175,1.4805,Adult
0.62,0.185,1.5275,Adult
0.615,0.155,1.1375,Adult
0.57,0.155,1.116,Adult
0.57,0.12,1.0615,Adult
0.585,0.15,1.2565,Adult
0.64,0.19,1.613,Adult
0.545,0.15,0.978,Adult
0.345,0.095,0.197,Adult
0.385,0.115,0.2685,Adult
0.455,0.135,0.462,Adult
0.49,0.14,0.7605,Adult
0.53,0.165,0.732,Adult
0.505,0.145,0.6775,Adult
0.49,0.14,0.6385,Adult
0.465,0.14,0.5755,Adult
0.56,0.165,0.93,Adult
0.505,0.15,0.6415,Adult
0.515,0.145,0.8815,Adult
0.55,0.175,1.042,Adult
0.495,0.135,0.709,Adult
0.47,0.18,0.51,Adult
0.575,0.165,0.9215,Adult
0.58,0.16,1.0345,Adult
0.515,0.145,0.695,Adult
0.53,0.155,0.7155,Adult
0.44,0.11,0.394,Adult
0.52,0.16,0.745,Adult
0.46,0.135,0.495,Adult
0.45,0.125,0.349,Adult
0.425,0.13,0.4405,Adult
0.515,0.135,0.6615,Adult
0.405,0.12,0.3185,Adult
0.505,0.14,0.875,Adult
0.415,0.1,0.325,Adult
0.47,0.12,0.5805,Adult
0.49,0.125,0.609,Adult
0.5,0.125,0.5975,Adult
0.505,0.14,0.8275,Adult
0.525,0.13,0.7635,Adult
0.54,0.125,0.891,Adult
0.55,0.15,1.0145,Adult
0.555,0.145,0.9685,Adult
0.565,0.155,1.0595,Adult
0.57,0.15,0.952,Adult
0.57,0.13,0.7535,Adult
0.59,0.165,1.077,Adult
0.59,0.13,1.102,Adult
0.6,0.175,1.3445,Adult
0.6,0.175,1.29,Adult
0.605,0.16,1.1035,Adult
0.615,0.15,1.296,Adult
0.615,0.165,1.34,Adult
0.62,0.165,1.307,Adult
0.63,0.165,1.26,Adult
0.635,0.17,1.3555,Adult
0.65,0.175,1.4715,Adult
0.655,0.165,1.4095,Adult
0.655,0.205,2.0805,Adult
0.66,0.17,1.3905,Adult
0.66,0.19,1.558,Adult
0.73,0.23,2.8255,Adult
0.47,0.12,0.612,Adult
0.475,0.125,0.537,Adult
0.48,0.115,0.6765,Adult
0.48,0.145,0.64,Adult
0.48,0.1,0.439,Adult
0.48,0.12,0.6015,Adult
0.49,0.125,0.649,Adult
0.495,0.135,0.6335,Adult
0.495,0.135,0.61,Adult
0.5,0.135,0.6595,Adult
0.5,0.135,0.6425,Adult
0.5,0.125,0.6725,Adult
0.505,0.125,0.642,Adult
0.51,0.135,0.769,Adult
0.51,0.15,0.7035,Adult
0.51,0.145,0.796,Adult
0.515,0.155,0.7125,Adult
0.525,0.14,0.7325,Adult
0.53,0.125,0.6515,Adult
0.535,0.14,0.7165,Adult
0.535,0.14,0.874,Adult
0.57,0.155,1.195,Adult
0.57,0.155,1.1935,Adult
0.57,0.14,1.0635,Adult
0.57,0.17,0.9035,Adult
0.575,0.16,1.114,Adult
0.58,0.15,1.012,Adult
0.58,0.13,1.1335,Adult
0.59,0.155,1.136,Adult
0.59,0.16,1.206,Adult
0.595,0.165,1.213,Adult
0.595,0.15,1.044,Adult
0.605,0.155,1.161,Adult
0.605,0.165,1.2315,Adult
0.61,0.15,1.1625,Adult
0.61,0.155,1.168,Adult
0.625,0.175,1.3325,Adult
0.63,0.155,1.278,Adult
0.63,0.15,1.1785,Adult
0.635,0.175,1.375,Adult
0.635,0.185,1.4065,Adult
0.64,0.155,1.4025,Adult
0.645,0.175,1.636,Adult
0.645,0.175,1.561,Adult
0.645,0.175,1.3385,Adult
0.65,0.16,1.304,Adult
0.65,0.21,1.6785,Adult
0.65,0.185,1.622,Adult
0.66,0.19,1.5905,Adult
0.66,0.195,1.6275,Adult
0.67,0.165,1.6085,Adult
0.68,0.185,1.607,Adult
0.69,0.175,1.7005,Adult
0.69,0.2,1.872,Adult
0.71,0.205,2.198,Adult
0.715,0.175,1.9525,Adult
0.765,0.22,2.302,Adult
0.43,0.12,0.397,Adult
0.47,0.105,0.544,Adult
0.49,0.125,0.5225,Adult
0.5,0.125,0.5215,Adult
0.52,0.145,0.7765,Adult
0.525,0.12,0.7555,Adult
0.545,0.135,0.7835,Adult
0.545,0.12,0.793,Adult
0.545,0.14,0.82,Adult
0.55,0.15,0.8315,Adult
0.56,0.145,0.8995,Adult
0.56,0.16,0.8965,Adult
0.56,0.145,0.852,Adult
0.565,0.15,0.9595,Adult
0.565,0.15,0.99,Adult
0.57,0.15,1.0375,Adult
0.575,0.14,0.8455,Adult
0.575,0.135,0.907,Adult
0.575,0.17,1.0225,Adult
0.575,0.145,0.847,Adult
0.58,0.15,1.114,Adult
0.58,0.195,1.859,Adult
0.58,0.135,0.814,Adult
0.58,0.14,0.9615,Adult
0.58,0.145,1.0025,Adult
0.585,0.145,0.9335,Adult
0.585,0.16,0.9555,Adult
0.59,0.15,0.9955,Adult
0.6,0.17,1.1915,Adult
0.6,0.155,1.0165,Adult
0.605,0.14,1.1175,Adult
0.605,0.17,1.1835,Adult
0.61,0.16,1.0145,Adult
0.61,0.145,1.3305,Adult
0.61,0.165,1.052,Adult
0.615,0.17,1.0565,Adult
0.62,0.135,1.0195,Adult
0.62,0.2,0.858,Adult
0.625,0.185,1.2065,Adult
0.63,0.155,1.1325,Adult
0.63,0.175,1.2645,Adult
0.64,0.165,1.369,Adult
0.645,0.195,1.39,Adult
0.65,0.155,1.202,Adult
0.655,0.16,1.31,Adult
0.665,0.16,1.363,Adult
0.685,0.165,1.519,Adult
0.69,0.21,1.583,Adult
0.695,0.185,1.74,Adult
0.7,0.18,1.751,Adult
0.7,0.19,2.273,Adult
0.715,0.19,2.0045,Adult
0.715,0.19,1.6755,Adult
0.72,0.145,1.187,Adult
0.725,0.185,1.978,Adult
0.735,0.185,2.124,Adult
0.745,0.215,1.931,Adult
0.755,0.205,2.0065,Adult
0.495,0.12,0.553,Adult
0.5,0.135,0.6765,Adult
0.525,0.155,0.842,Adult
0.535,0.15,0.717,Adult
0.55,0.15,0.8745,Adult
0.555,0.14,0.8705,Adult
0.565,0.15,0.796,Adult
0.565,0.125,0.744,Adult
0.57,0.17,0.873,Adult
0.57,0.125,0.8965,Adult
0.575,0.155,0.892,Adult
0.58,0.155,1.4395,Adult
0.58,0.135,0.7955,Adult
0.585,0.155,0.9145,Adult
0.585,0.185,1.171,Adult
0.585,0.165,1.1135,Adult
0.585,0.165,1.409,Adult
0.585,0.15,1.065,Adult
0.585,0.18,0.7995,Adult
0.59,0.18,1.187,Adult
0.59,0.155,0.8855,Adult
0.6,0.17,1.1315,Adult
0.6,0.155,1.014,Adult
0.6,0.155,0.9595,Adult
0.605,0.14,0.9755,Adult
0.61,0.15,0.871,Adult
0.61,0.165,1.244,Adult
0.61,0.17,1.0265,Adult
0.61,0.17,1.137,Adult
0.61,0.16,1,Adult
0.615,0.165,1.128,Adult
0.615,0.17,1.054,Adult
0.615,0.17,1.129,Adult
0.615,0.175,1.118,Adult
0.62,0.175,1.2815,Adult
0.62,0.18,1.2555,Adult
0.625,0.17,1.082,Adult
0.63,0.145,1.062,Adult
0.63,0.16,1.093,Adult
0.635,0.16,1.101,Adult
0.635,0.17,1.1935,Adult
0.635,0.155,0.986,Adult
0.64,0.23,1.521,Adult
0.64,0.18,1.3135,Adult
0.645,0.16,1.1835,Adult
0.645,0.195,1.401,Adult
0.645,0.16,1.5075,Adult
0.65,0.175,1.5365,Adult
0.65,0.19,1.542,Adult
0.655,0.205,1.6445,Adult
0.655,0.175,1.3585,Adult
0.675,0.185,1.7375,Adult
0.685,0.205,1.7925,Adult
0.705,0.515,2.21,Adult
0.705,0.215,2.141,Adult
0.72,0.215,2.173,Adult
0.415,0.115,0.3895,Adult
0.44,0.12,0.4565,Adult
0.45,0.125,0.4475,Adult
0.475,0.125,0.649,Adult
0.485,0.085,0.6435,Adult
0.485,0.13,0.526,Adult
0.505,0.105,0.5525,Adult
0.515,0.145,0.9365,Adult
0.52,0.125,0.559,Adult
0.525,0.14,0.7205,Adult
0.53,0.125,0.7575,Adult
0.55,0.16,0.793,Adult
0.57,0.15,0.9875,Adult
0.575,0.15,1.08,Adult
0.575,0.165,0.9155,Adult
0.585,0.15,0.906,Adult
0.59,0.15,0.8725,Adult
0.6,0.155,0.945,Adult
0.6,0.2,1.259,Adult
0.62,0.155,1.049,Adult
0.62,0.165,1.0725,Adult
0.625,0.175,1.4105,Adult
0.625,0.18,1.136,Adult
0.63,0.145,1.1005,Adult
0.63,0.15,1.1315,Adult
0.63,0.15,1.271,Adult
0.635,0.185,1.308,Adult
0.645,0.155,1.539,Adult
0.65,0.175,1.466,Adult
0.65,0.14,1.175,Adult
0.655,0.215,1.7835,Adult
0.66,0.165,1.374,Adult
0.67,0.2,1.7025,Adult
0.67,0.175,1.5265,Adult
0.67,0.19,1.519,Adult
0.68,0.17,1.6115,Adult
0.69,0.2,1.7825,Adult
0.7,0.2,1.858,Adult
0.705,0.165,1.675,Adult
0.72,0.2,2.1055,Adult
0.725,0.24,2.21,Adult
0.74,0.18,1.8725,Adult
0.75,0.18,1.893,Adult
0.475,0.1,0.4285,Adult
0.48,0.16,0.464,Adult
0.525,0.145,0.845,Adult
0.525,0.155,0.707,Adult
0.54,0.14,0.972,Adult
0.55,0.14,0.7625,Adult
0.56,0.135,0.849,Adult
0.565,0.125,0.802,Adult
0.565,0.15,0.831,Adult
0.57,0.14,0.795,Adult
0.575,0.165,0.867,Adult
0.575,0.185,0.985,Adult
0.575,0.16,0.839,Adult
0.575,0.16,0.9615,Adult
0.58,0.155,1.0335,Adult
0.58,0.13,0.798,Adult
0.59,0.165,1.207,Adult
0.595,0.14,0.838,Adult
0.595,0.145,0.959,Adult
0.6,0.165,0.9165,Adult
0.6,0.165,1.059,Adult
0.6,0.16,1.194,Adult
0.605,0.145,0.884,Adult
0.61,0.155,0.983,Adult
0.61,0.16,1.022,Adult
0.61,0.17,1.1185,Adult
0.615,0.16,1.0175,Adult
0.615,0.175,1.224,Adult
0.62,0.175,1.221,Adult
0.62,0.15,1.266,Adult
0.625,0.165,1.1165,Adult
0.625,0.16,1.0845,Adult
0.625,0.17,1.0985,Adult
0.63,0.17,1.0915,Adult
0.63,0.17,1.1745,Adult
0.63,0.165,1.233,Adult
0.63,0.175,1.2695,Adult
0.635,0.17,1.4345,Adult
0.64,0.18,1.247,Adult
0.64,0.185,1.707,Adult
0.645,0.15,1.1605,Adult
0.645,0.175,1.286,Adult
0.645,0.19,1.5595,Adult
0.645,0.19,1.4745,Adult
0.645,0.195,1.226,Adult
0.645,0.16,1.33,Adult
0.645,0.175,1.3375,Adult
0.645,0.15,1.2215,Adult
0.65,0.19,1.274,Adult
0.65,0.185,1.488,Adult
0.65,0.16,1.3835,Adult
0.655,0.18,1.274,Adult
0.66,0.165,1.3195,Adult
0.66,0.195,1.5505,Adult
0.66,0.165,1.6375,Adult
0.665,0.175,1.443,Adult
0.665,0.16,1.289,Adult
0.665,0.175,1.3725,Adult
0.665,0.175,1.2975,Adult
0.67,0.16,1.2585,Adult
0.67,0.165,1.39,Adult
0.675,0.16,1.2835,Adult
0.68,0.195,1.4535,Adult
0.685,0.15,1.3735,Adult
0.7,0.175,1.8565,Adult
0.71,0.215,2.009,Adult
0.71,0.22,2.015,Adult
0.72,0.2,1.8275,Adult
0.72,0.205,2.125,Adult
0.735,0.215,1.747,Adult
0.75,0.205,2.2205,Adult
0.77,0.195,2.5155,Adult
0.775,0.25,2.7795,Adult
0.39,0.125,0.564,Adult
0.445,0.12,0.414,Adult
0.465,0.115,0.5795,Adult
0.485,0.155,0.968,Adult
0.5,0.15,1.0615,Adult
0.515,0.155,0.9225,Adult
0.515,0.135,1.007,Adult
0.525,0.17,0.9605,Adult
0.525,0.125,0.65,Adult
0.53,0.14,0.7545,Adult
0.55,0.16,1.3405,Adult
0.57,0.175,1.02,Adult
0.575,0.185,1.025,Adult
0.585,0.145,0.953,Adult
0.6,0.175,1.3005,Adult
0.6,0.165,1.038,Adult
0.605,0.175,1.2525,Adult
0.605,0.15,1.15,Adult
0.62,0.145,1.0865,Adult
0.625,0.175,1.254,Adult
0.625,0.185,1.169,Adult
0.635,0.195,1.172,Adult
0.645,0.16,1.3815,Adult
0.65,0.19,1.6125,Adult
0.65,0.16,1.7395,Adult
0.655,0.19,1.4245,Adult
0.695,0.19,1.726,Adult
0.72,0.18,1.5865,Adult
0.73,0.21,2.069,Adult
0.515,0.11,0.5785,Adult
0.555,0.14,0.7495,Adult
0.555,0.125,0.599,Adult
0.555,0.13,0.7075,Adult
0.555,0.135,0.837,Adult
0.565,0.125,0.667,Adult
0.565,0.155,0.9355,Adult
0.565,0.16,0.895,Adult
0.57,0.155,1.0005,Adult
0.57,0.155,0.832,Adult
0.57,0.175,0.9415,Adult
0.57,0.13,0.88,Adult
0.575,0.13,0.785,Adult
0.575,0.155,0.9765,Adult
0.575,0.135,0.992,Adult
0.575,0.155,1.013,Adult
0.575,0.145,0.876,Adult
0.575,0.145,0.857,Adult
0.58,0.15,1.0465,Adult
0.58,0.16,0.8295,Adult
0.595,0.15,0.886,Adult
0.6,0.17,1.1805,Adult
0.6,0.15,0.99,Adult
0.605,0.18,1.1155,Adult
0.61,0.14,1.031,Adult
0.615,0.145,1.0285,Adult
0.615,0.15,1.0875,Adult
0.615,0.2,1.219,Adult
0.62,0.16,1.035,Adult
0.62,0.15,1.195,Adult
0.62,0.195,1.5145,Adult
0.62,0.15,1.309,Adult
0.62,0.155,1.0295,Adult
0.625,0.155,1.0485,Adult
0.625,0.17,1.331,Adult
0.625,0.185,1.1565,Adult
0.63,0.155,1.2525,Adult
0.635,0.16,1.195,Adult
0.635,0.165,1.273,Adult
0.635,0.165,1.229,Adult
0.64,0.165,1.1895,Adult
0.64,0.155,1.1285,Adult
0.645,0.175,1.32,Adult
0.655,0.17,1.1445,Adult
0.66,0.175,1.218,Adult
0.665,0.2,1.2695,Adult
0.665,0.18,1.429,Adult
0.675,0.15,1.312,Adult
0.68,0.19,1.623,Adult
0.68,0.155,1.534,Adult
0.685,0.155,1.3845,Adult
0.69,0.18,1.6915,Adult
0.695,0.185,1.5715,Adult
0.7,0.175,1.4405,Adult
0.7,0.195,1.6245,Adult
0.72,0.19,2.081,Adult
0.76,0.215,2.173,Adult
0.45,0.105,0.4955,Adult
0.47,0.135,0.522,Adult
0.505,0.12,0.653,Adult
0.505,0.135,0.5915,Adult
0.505,0.115,0.4825,Adult
0.515,0.14,0.6335,Adult
0.525,0.13,0.6875,Adult
0.545,0.14,0.8395,Adult
0.565,0.145,0.9255,Adult
0.58,0.16,1.063,Adult
0.59,0.165,1.115,Adult
0.605,0.14,0.982,Adult
0.61,0.16,1.112,Adult
0.66,0.195,1.5655,Adult
0.45,0.13,0.4655,Adult
0.46,0.12,0.4935,Adult
0.46,0.11,0.4595,Adult
0.465,0.11,0.4955,Adult
0.485,0.135,0.617,Adult
0.5,0.135,0.7815,Adult
0.505,0.13,0.6435,Adult
0.525,0.1,0.5115,Adult
0.535,0.125,0.738,Adult
0.55,0.13,0.8705,Adult
0.58,0.12,0.8685,Adult
0.595,0.15,0.919,Adult
0.61,0.165,1.2435,Adult
0.645,0.15,1.2095,Adult
0.65,0.14,1.238,Adult
0.685,0.2,1.7725,Adult
0.72,0.22,1.914,Adult
0.775,0.22,2.032,Adult
0.53,0.13,0.7455,Adult
0.415,0.1,0.3355,Adult
0.5,0.145,0.651,Adult
0.425,0.08,0.361,Adult
0.47,0.1,0.4775,Adult
0.5,0.155,0.66,Adult
0.375,0.1,0.276,Adult
0.585,0.185,1.04,Adult
0.595,0.155,1.041,Adult
0.665,0.225,2.1835,Adult
0.62,0.17,1.2105,Adult
0.525,0.13,0.7185,Adult
0.425,0.1,0.3295,Adult
0.385,0.095,0.335,Adult
0.47,0.115,0.4265,Adult
0.62,0.175,1.1505,Adult
0.595,0.15,0.8915,Adult
0.585,0.14,0.97,Adult
0.32,0.08,0.18,Adult
0.44,0.11,0.4585,Adult
0.565,0.1,0.7145,Adult
0.68,0.205,1.496,Adult
0.47,0.105,0.4665,Adult
0.455,0.105,0.401,Adult
0.465,0.12,0.5205,Adult
0.46,0.135,0.4935,Adult
0.415,0.09,0.3245,Adult
0.27,0.07,0.106,Adult
0.445,0.11,0.4415,Adult
0.55,0.135,0.879,Adult
0.58,0.165,1.2275,Adult
0.61,0.165,1.2715,Adult
0.62,0.175,1.806,Adult
0.56,0.195,0.8085,Adult
0.69,0.2,1.8465,Adult
0.375,0.09,0.3245,Adult
0.335,0.085,0.1545,Adult
0.285,0.075,0.1185,Adult
0.595,0.125,0.799,Adult
0.575,0.185,0.925,Adult
0.535,0.165,0.9195,Adult
0.55,0.16,0.9295,Adult
0.495,0.155,0.8085,Adult
0.445,0.12,0.4475,Adult
0.495,0.135,0.6335,Adult
0.47,0.135,0.547,Adult
0.58,0.165,0.927,Adult
0.645,0.185,1.4935,Adult
0.57,0.16,0.9245,Adult
0.615,0.19,1.36,Adult
0.42,0.105,0.43,Adult
0.42,0.115,0.4215,Adult
0.66,0.2,1.6305,Adult
0.565,0.195,1.142,Adult
0.63,0.23,1.539,Adult
0.495,0.15,0.853,Adult
0.58,0.175,1.035,Adult
0.59,0.155,0.857,Adult
0.37,0.095,0.2225,Adult
0.555,0.165,0.7575,Adult
0.595,0.17,1.0965,Adult
0.6,0.175,1.229,Adult
0.585,0.19,1.171,Adult
0.415,0.125,0.388,Adult
0.465,0.13,0.5265,Adult
0.46,0.14,0.5105,Adult
0.36,0.09,0.2225,Adult
0.655,0.2,1.5455,Adult
0.6,0.175,1.2675,Adult
0.65,0.18,1.793,Adult
0.51,0.145,0.6185,Adult
0.52,0.135,0.5825,Adult
0.495,0.165,0.7485,Adult
0.43,0.115,0.406,Adult
0.55,0.175,0.869,Adult
0.585,0.16,0.955,Adult
0.57,0.16,0.8615,Adult
0.635,0.21,1.598,Adult
0.695,0.2,2.033,Adult
0.655,0.185,1.259,Adult
0.51,0.13,0.7175,Adult
0.525,0.135,0.7575,Adult
0.44,0.13,0.487,Adult
0.475,0.12,0.563,Adult
0.525,0.12,0.702,Adult
0.475,0.12,0.578,Adult
0.46,0.13,0.5735,Adult
0.59,0.135,1.008,Adult
0.455,0.13,0.515,Adult
0.47,0.13,0.5795,Adult
0.35,0.11,0.2965,Adult
0.595,0.145,0.991,Adult
0.575,0.15,0.805,Adult
0.535,0.155,0.8915,Adult
0.515,0.14,0.769,Adult
0.49,0.135,0.5545,Adult
0.53,0.135,0.7365,Adult
0.43,0.115,0.3045,Adult
0.475,0.135,0.592,Adult
0.59,0.155,0.906,Adult
0.695,0.22,1.5515,Adult
0.61,0.15,1.103,Adult
0.56,0.165,0.86,Adult
0.655,0.195,1.62,Adult
0.64,0.2,1.407,Adult
0.67,0.17,1.247,Adult
0.505,0.13,0.764,Adult
0.525,0.165,0.8645,Adult
0.59,0.16,0.9455,Adult
0.7,0.19,1.3185,Adult
0.635,0.15,1.081,Adult
0.555,0.135,0.9025,Adult
0.575,0.15,1.1415,Adult
0.585,0.125,1.027,Adult
0.55,0.155,0.7895,Adult
0.57,0.195,1.0295,Adult
0.695,0.23,1.885,Adult
0.65,0.16,1.2425,Adult
0.18,0.05,0.023,Adult
0.34,0.09,0.2065,Adult
0.175,0.04,0.0305,Adult
0.155,0.025,0.024,Adult
0.42,0.125,0.4495,Adult
0.37,0.09,0.241,Adult
0.33,0.09,0.197,Adult
0.29,0.08,0.1295,Adult
0.31,0.095,0.15,Adult
0.4,0.105,0.287,Adult
0.425,0.125,0.3525,Adult
0.31,0.06,0.12,Adult
0.35,0.085,0.2145,Adult
0.26,0.065,0.096,Adult
0.26,0.075,0.0945,Adult
0.34,0.095,0.213,Adult
0.515,0.16,0.8175,Adult
0.465,0.125,0.5255,Adult
0.54,0.17,0.879,Adult
0.475,0.125,0.4625,Adult
0.5,0.14,0.528,Adult
0.5,0.135,0.5835,Adult
0.35,0.09,0.198,Adult
0.395,0.105,0.282,Adult
0.445,0.14,0.5905,Adult
0.44,0.08,0.413,Adult
0.515,0.14,0.8505,Adult
0.5,0.13,0.709,Adult
0.425,0.12,0.3755,Adult
0.51,0.14,0.8185,Adult
0.54,0.13,0.8245,Adult
0.615,0.17,1.1825,Adult
0.565,0.175,1.122,Adult
0.645,0.175,1.6115,Adult
0.605,0.145,1.3,Adult
0.645,0.155,1.489,Adult
0.57,0.155,1.008,Adult
0.39,0.095,0.271,Adult
0.52,0.165,0.8565,Adult
0.46,0.135,0.6105,Adult
0.5,0.145,0.7615,Adult
0.49,0.135,0.592,Adult
0.44,0.115,0.39,Adult
0.4,0.13,0.2935,Adult
0.45,0.16,0.567,Adult
0.505,0.155,0.8415,Adult
0.495,0.14,0.7775,Adult
0.54,0.145,0.989,Adult
0.465,0.11,0.5,Adult
0.48,0.135,0.6315,Adult
0.5,0.13,0.7715,Adult
0.525,0.19,0.872,Adult
0.54,0.12,0.8115,Adult
0.545,0.15,0.8795,Adult
0.58,0.18,1.145,Adult
0.59,0.16,1.09,Adult
0.59,0.16,1.262,Adult
0.595,0.185,1.185,Adult
0.605,0.175,1.201,Adult
0.63,0.185,1.362,Adult
0.64,0.195,1.647,Adult
0.66,0.2,1.791,Adult
0.465,0.105,0.486,Adult
0.48,0.1,0.5135,Adult
0.5,0.145,0.6215,Adult
0.515,0.12,0.646,Adult
0.525,0.135,0.7945,Adult
0.525,0.125,0.812,Adult
0.53,0.14,0.681,Adult
0.54,0.14,0.7345,Adult
0.575,0.155,0.948,Adult
0.59,0.14,1.046,Adult
0.6,0.15,1.247,Adult
0.61,0.15,1.1495,Adult
0.615,0.155,1.2,Adult
0.625,0.17,1.3555,Adult
0.63,0.165,1.286,Adult
0.645,0.16,1.251,Adult
0.645,0.175,1.5105,Adult
0.67,0.19,1.6385,Adult
0.69,0.185,1.71,Adult
0.695,0.175,1.742,Adult
0.765,0.18,2.398,Adult
0.77,0.215,2.1945,Adult
0.49,0.11,0.554,Adult
0.5,0.12,0.5765,Adult
0.505,0.135,0.723,Adult
0.545,0.145,0.778,Adult
0.545,0.12,0.7865,Adult
0.565,0.13,0.784,Adult
0.57,0.135,1.02,Adult
0.58,0.13,0.852,Adult
0.59,0.15,0.861,Adult
0.59,0.14,1.004,Adult
0.595,0.165,1.108,Adult
0.595,0.14,0.852,Adult
0.6,0.21,1.9875,Adult
0.615,0.15,1.198,Adult
0.615,0.175,1.103,Adult
0.62,0.155,1.1,Adult
0.62,0.15,1.1015,Adult
0.625,0.185,1.3835,Adult
0.625,0.145,1.085,Adult
0.63,0.15,1.3165,Adult
0.63,0.175,1.3415,Adult
0.63,0.15,1.027,Adult
0.645,0.16,1.1845,Adult
0.645,0.15,1.192,Adult
0.65,0.125,1.1805,Adult
0.65,0.175,1.2655,Adult
0.65,0.155,1.407,Adult
0.66,0.165,1.4465,Adult
0.67,0.2,1.269,Adult
0.67,0.18,1.68,Adult
0.68,0.165,1.4775,Adult
0.68,0.18,1.529,Adult
0.7,0.175,1.7585,Adult
0.7,0.2,1.523,Adult
0.725,0.2,1.51,Adult
0.735,0.175,1.88,Adult
0.75,0.215,2.201,Adult
0.45,0.115,0.4305,Adult
0.48,0.12,0.5895,Adult
0.515,0.14,0.7355,Adult
0.535,0.155,0.7845,Adult
0.58,0.175,1.2255,Adult
0.585,0.165,0.885,Adult
0.59,0.145,0.9235,Adult
0.59,0.14,0.977,Adult
0.595,0.14,1.0305,Adult
0.6,0.09,1.05,Adult
0.6,0.185,1.1145,Adult
0.6,0.145,0.877,Adult
0.6,0.185,1.285,Adult
0.61,0.185,1.3065,Adult
0.625,0.14,1.096,Adult
0.625,0.165,1.205,Adult
0.63,0.175,1.221,Adult
0.63,0.15,1.1355,Adult
0.63,0.195,1.3135,Adult
0.64,0.155,1.1955,Adult
0.64,0.15,1.098,Adult
0.64,0.17,1.139,Adult
0.64,0.08,1.042,Adult
0.65,0.155,1.368,Adult
0.65,0.175,1.446,Adult
0.7,0.205,1.74,Adult
0.71,0.2,1.601,Adult
0.72,0.205,2.165,Adult
0.725,0.19,2.3305,Adult
0.5,0.13,0.5945,Adult
0.52,0.105,0.872,Adult
0.535,0.14,0.818,Adult
0.57,0.14,0.8745,Adult
0.58,0.16,0.984,Adult
0.59,0.155,1.1735,Adult
0.59,0.155,1.0785,Adult
0.595,0.16,1.057,Adult
0.6,0.175,1.11,Adult
0.6,0.16,1.142,Adult
0.605,0.19,1.1255,Adult
0.625,0.175,1.3405,Adult
0.625,0.13,1.082,Adult
0.63,0.165,1.2005,Adult
0.63,0.16,1.243,Adult
0.665,0.19,1.6385,Adult
0.695,0.195,1.691,Adult
0.735,0.21,2.2355,Adult
0.74,0.19,2.3235,Adult
0.505,0.115,0.521,Adult
0.52,0.15,0.9505,Adult
0.53,0.15,0.8315,Adult
0.575,0.165,0.9655,Adult
0.58,0.15,0.9065,Adult
0.58,0.15,1.049,Adult
0.58,0.15,0.9525,Adult
0.59,0.15,1.142,Adult
0.595,0.155,1.2015,Adult
0.595,0.17,1.1295,Adult
0.6,0.195,1.34,Adult
0.6,0.165,1.0475,Adult
0.605,0.18,1.167,Adult
0.61,0.14,1.0625,Adult
0.615,0.15,0.9335,Adult
0.62,0.195,1.3585,Adult
0.625,0.175,1.2075,Adult
0.625,0.165,1.217,Adult
0.625,0.12,0.8765,Adult
0.63,0.18,1.2795,Adult
0.63,0.17,1.1885,Adult
0.635,0.175,1.292,Adult
0.635,0.18,1.1795,Adult
0.635,0.16,1.2075,Adult
0.64,0.18,1.297,Adult
0.64,0.175,1.4585,Adult
0.645,0.19,1.539,Adult
0.65,0.195,1.676,Adult
0.67,0.17,1.4005,Adult
0.67,0.195,1.4405,Adult
0.67,0.175,1.482,Adult
0.68,0.16,1.2345,Adult
0.685,0.19,1.533,Adult
0.69,0.18,1.8445,Adult
0.715,0.175,1.825,Adult
0.72,0.19,2.0885,Adult
0.735,0.205,2.087,Adult
0.745,0.2,1.884,Adult
0.485,0.155,1.029,Adult
0.49,0.155,0.981,Adult
0.535,0.175,1.2705,Adult
0.555,0.19,1.406,Adult
0.555,0.15,0.873,Adult
0.56,0.135,0.9415,Adult
0.595,0.15,1.0835,Adult
0.61,0.175,1.024,Adult
0.61,0.17,1.281,Adult
0.64,0.16,1.006,Adult
0.64,0.165,1.307,Adult
0.645,0.185,1.463,Adult
0.68,0.21,1.7885,Adult
0.7,0.185,1.6135,Adult
0.73,0.225,2.2305,Adult
0.535,0.12,0.6835,Adult
0.54,0.19,0.6855,Adult
0.56,0.145,0.894,Adult
0.57,0.145,0.95,Adult
0.575,0.15,0.9785,Adult
0.575,0.14,0.737,Adult
0.585,0.175,1.1275,Adult
0.59,0.165,0.9765,Adult
0.59,0.15,0.853,Adult
0.595,0.175,0.991,Adult
0.595,0.14,0.9125,Adult
0.6,0.15,0.8665,Adult
0.615,0.215,0.9615,Adult
0.615,0.17,1.145,Adult
0.63,0.175,1.1955,Adult
0.63,0.18,1.31,Adult
0.635,0.18,1.154,Adult
0.65,0.17,1.5595,Adult
0.65,0.175,1.3165,Adult
0.655,0.165,1.403,Adult
0.665,0.155,1.3575,Adult
0.675,0.145,1.3645,Adult
0.685,0.165,1.545,Adult
0.71,0.175,1.724,Adult
0.455,0.11,0.458,Adult
0.46,0.14,0.491,Adult
0.495,0.12,0.474,Adult
0.51,0.125,0.5805,Adult
0.525,0.13,0.622,Adult
0.53,0.12,0.706,Adult
0.545,0.145,0.9385,Adult
0.575,0.15,0.9465,Adult
0.58,0.125,0.9115,Adult
0.595,0.145,0.942,Adult
0.6,0.18,1.193,Adult
0.645,0.18,1.461,Adult
0.66,0.2,1.489,Adult
0.465,0.135,0.7775,Adult
0.51,0.145,0.751,Adult
0.56,0.15,0.8755,Adult
0.575,0.135,0.9215,Adult
0.585,0.15,1.206,Adult
0.615,0.155,1.2865,Adult
0.67,0.165,1.1735,Adult
0.675,0.16,1.532,Adult
0.46,0.125,0.547,Adult
0.46,0.125,0.5165,Adult
0.535,0.125,0.764,Adult
0.465,0.105,0.488,Adult
0.51,0.14,0.6905,Adult
0.55,0.16,0.97,Adult
0.55,0.17,0.8465,Adult
0.585,0.15,1.047,Adult
0.425,0.1,0.4085,Adult
0.54,0.13,0.56,Adult
0.505,0.125,0.635,Adult
0.535,0.165,0.875,Adult
0.55,0.11,0.806,Adult
0.64,0.14,1.194,Adult
0.605,0.155,1.153,Adult
0.605,0.115,1.114,Adult
0.56,0.155,0.9125,Adult
0.525,0.16,0.792,Adult
0.35,0.09,0.2265,Adult
0.45,0.12,0.3955,Adult
0.38,0.1,0.2505,Adult
0.5,0.135,0.551,Adult
0.645,0.165,1.307,Adult
0.565,0.115,0.9185,Adult
0.72,0.23,2.2695,Adult
0.55,0.15,0.9235,Adult
0.65,0.18,1.3315,Adult
0.565,0.185,1.032,Adult
0.45,0.14,0.478,Adult
0.335,0.095,0.1975,Adult
0.565,0.14,1.0055,Adult
0.63,0.19,1.4985,Adult
0.425,0.12,0.388,Adult
0.675,0.175,1.402,Adult
0.5,0.145,0.6025,Adult
0.385,0.09,0.2775,Adult
0.52,0.195,0.973,Adult
0.52,0.175,0.753,Adult
0.64,0.2,1.3765,Adult
0.57,0.15,0.96,Adult
0.41,0.12,0.3745,Adult
0.485,0.15,0.696,Adult
0.665,0.155,1.383,Adult
0.635,0.155,1.156,Adult
0.695,0.15,1.477,Adult
0.555,0.135,0.858,Adult
0.65,0.19,1.4995,Adult
0.635,0.19,1.467,Adult
0.55,0.16,0.906,Adult
0.595,0.165,1.06,Adult
0.3,0.09,0.161,Adult
0.48,0.13,0.6175,Adult
0.505,0.11,0.655,Adult
0.455,0.125,0.484,Adult
0.64,0.165,1.4435,Adult
0.565,0.115,0.9085,Adult
0.48,0.135,0.528,Adult
0.41,0.125,0.3595,Adult
0.52,0.155,0.7735,Adult
0.465,0.125,0.4365,Adult
0.46,0.11,0.415,Adult
0.485,0.125,0.4775,Adult
0.525,0.16,0.6445,Adult
0.69,0.185,1.6195,Adult
0.55,0.17,0.81,Adult
0.565,0.155,0.868,Adult
0.55,0.13,0.7085,Adult
0.535,0.16,0.72,Adult
0.53,0.13,0.738,Adult
0.575,0.185,1.156,Adult
0.59,0.12,0.7485,Adult
0.645,0.19,1.229,Adult
0.605,0.175,1.145,Adult
0.275,0.08,0.099,Adult
0.4,0.11,0.314,Adult
0.35,0.09,0.195,Adult
0.44,0.14,0.451,Adult
0.265,0.065,0.084,Adult
0.165,0.04,0.0245,Adult
0.345,0.09,0.163,Adult
0.43,0.095,0.34,Adult
0.415,0.1,0.3005,Adult
0.285,0.075,0.106,Adult
0.41,0.095,0.306,Adult
0.41,0.1,0.301,Adult
0.33,0.085,0.171,Adult
0.28,0.065,0.0905,Adult
0.455,0.125,0.44,Adult
0.33,0.09,0.163,Adult
0.54,0.155,0.9715,Adult
0.335,0.075,0.1635,Adult
0.545,0.165,0.9955,Adult
0.495,0.12,0.6605,Adult
0.5,0.13,0.721,Adult
0.515,0.125,0.955,Adult
0.545,0.145,0.873,Adult
0.74,0.185,1.65,Adult
0.565,0.15,1.1285,Adult
0.56,0.16,1.1115,Adult
0.545,0.125,0.9745,Adult
0.645,0.185,1.4605,Adult
0.575,0.13,1.0105,Adult
0.62,0.16,1.0765,Adult
0.605,0.16,1.616,Adult
0.365,0.085,0.2205,Adult
0.53,0.135,0.879,Adult
0.48,0.15,0.6815,Adult
0.455,0.15,0.5795,Adult
0.37,0.105,0.224,Adult
0.49,0.12,0.674,Adult
0.56,0.14,0.9,Adult
0.58,0.15,1.0165,Adult
0.59,0.135,1.1685,Adult
0.6,0.15,1.089,Adult
0.61,0.155,1.0325,Adult
0.64,0.17,1.3715,Adult
0.71,0.2,1.9045,Adult
0.74,0.2,2.4925,Adult
0.48,0.13,0.643,Adult
0.52,0.12,0.6435,Adult
0.52,0.125,0.8115,Adult
0.55,0.155,0.9155,Adult
0.6,0.155,1.1385,Adult
0.615,0.19,1.403,Adult
0.62,0.165,1.1325,Adult
0.625,0.17,1.437,Adult
0.635,0.155,1.3635,Adult
0.64,0.17,1.4545,Adult
0.66,0.18,1.478,Adult
0.72,0.2,1.787,Adult
0.535,0.16,0.7465,Adult
0.55,0.16,0.985,Adult
0.555,0.145,0.85,Adult
0.555,0.15,0.838,Adult
0.56,0.13,0.7615,Adult
0.575,0.145,0.87,Adult
0.59,0.145,0.929,Adult
0.6,0.145,0.939,Adult
0.6,0.16,1.164,Adult
0.61,0.175,1.214,Adult
0.625,0.18,1.0815,Adult
0.625,0.175,1.179,Adult
0.65,0.18,1.469,Adult
0.655,0.18,1.492,Adult
0.67,0.18,1.6615,Adult
0.71,0.195,1.348,Adult
0.715,0.18,1.7405,Adult
0.435,0.11,0.4385,Adult
0.505,0.115,0.5585,Adult
0.535,0.135,0.78,Adult
0.57,0.155,1.186,Adult
0.575,0.155,0.886,Adult
0.58,0.165,1.041,Adult
0.6,0.15,0.928,Adult
0.6,0.23,1.157,Adult
0.625,0.16,1.1415,Adult
0.625,0.165,1.1835,Adult
0.625,0.16,1.2135,Adult
0.635,0.17,1.3695,Adult
0.65,0.185,1.3745,Adult
0.65,0.18,1.463,Adult
0.655,0.16,1.46,Adult
0.66,0.2,1.6465,Adult
0.675,0.145,1.265,Adult
0.685,0.17,1.56,Adult
0.715,0.18,1.6,Adult
0.735,0.22,2.333,Adult
0.515,0.14,0.678,Adult
0.545,0.155,0.8035,Adult
0.58,0.16,0.8675,Adult
0.6,0.18,1.14,Adult
0.615,0.155,1.0735,Adult
0.615,0.19,1.4335,Adult
0.615,0.2,1.304,Adult
0.62,0.16,0.9505,Adult
0.63,0.17,1.385,Adult
0.655,0.165,1.27,Adult
0.66,0.175,1.583,Adult
0.69,0.19,1.5955,Adult
0.715,0.2,1.89,Adult
0.53,0.125,0.769,Adult
0.535,0.14,0.7315,Adult
0.545,0.14,0.737,Adult
0.59,0.135,0.9895,Adult
0.6,0.16,1.012,Adult
0.605,0.165,1.1245,Adult
0.61,0.19,1.0805,Adult
0.615,0.175,1.242,Adult
0.62,0.18,1.3915,Adult
0.62,0.155,1.085,Adult
0.62,0.165,1.0855,Adult
0.64,0.175,1.273,Adult
0.645,0.19,1.4865,Adult
0.65,0.17,1.3655,Adult
0.65,0.17,1.276,Adult
0.65,0.16,1.2075,Adult
0.65,0.205,1.4275,Adult
0.65,0.175,1.155,Adult